,Time,IBI
0,01-12-2021 15:25:21.522230,1.031298
1,01-12-2021 15:26:02.039730,0.9687951
2,01-12-2021 15:26:02.852270,0.8125374
3,01-12-2021 15:26:03.727310,0.8750405
4,01-12-2021 15:26:04.664850,0.9375434
5,01-12-2021 15:26:05.508640,0.843789
6,01-12-2021 15:26:06.414930,0.9062919
7,01-12-2021 15:26:07.368100,0.9531693
8,01-12-2021 15:26:08.290020,0.9219177
9,01-12-2021 15:26:09.461950,1.171929
10,01-12-2021 15:26:10.571370,1.109426
11,01-12-2021 15:26:57.886070,0.9375434
12,01-12-2021 15:26:58.823610,0.9375434
13,01-12-2021 15:26:59.714280,0.8906662
14,01-12-2021 15:27:25.309210,0.8750405
15,01-12-2021 15:27:36.622230,0.8594148
16,01-12-2021 15:27:37.544150,0.9219177
17,01-12-2021 15:27:50.997900,1.046924
18,01-12-2021 15:27:52.013570,1.015672
19,01-12-2021 15:27:53.060500,1.046923
20,01-12-2021 15:27:54.044920,0.9844208
21,01-12-2021 15:27:55.013710,0.9687948
22,01-12-2021 15:28:36.328120,1.000046
23,01-12-2021 15:28:37.375050,1.046923
24,01-12-2021 15:28:38.359470,0.9844208
25,01-12-2021 15:28:39.312640,0.9531691
26,01-12-2021 15:28:40.234560,0.9219177
27,01-12-2021 15:28:41.203350,0.9687948
28,01-12-2021 15:28:42.265900,1.062549
29,01-12-2021 15:29:48.347080,0.6406548
30,01-12-2021 15:30:47.006050,0.671906
31,01-12-2021 15:31:41.414820,0.8594148
32,01-12-2021 15:32:28.651380,1.046924
33,01-12-2021 15:32:29.417040,0.7656605
34,01-12-2021 15:32:30.260830,0.8437889
35,01-12-2021 15:32:31.151500,0.8906662
36,01-12-2021 15:32:32.214050,1.062549
37,01-12-2021 15:32:33.073460,0.8594148
38,01-12-2021 15:32:33.839120,0.7656605
39,01-12-2021 15:32:34.729790,0.8906662
40,01-12-2021 15:32:35.401700,0.671906
41,01-12-2021 15:32:36.120480,0.7187833
42,01-12-2021 15:32:36.901770,0.781286
43,01-12-2021 15:32:41.605110,0.9531691
44,01-12-2021 15:32:42.402020,0.796912
45,01-12-2021 15:32:58.809030,0.9531691
46,01-12-2021 15:32:59.715320,0.9062919
47,01-12-2021 15:33:00.715370,1.000046
48,01-12-2021 15:33:01.590410,0.8750405
49,01-12-2021 15:33:02.559200,0.9687948
50,01-12-2021 15:33:13.012810,1.078175
51,01-12-2021 15:33:23.872690,0.8281634
52,01-12-2021 15:33:24.653980,0.781286
53,01-12-2021 15:33:25.497770,0.843789
54,01-12-2021 15:33:26.419680,0.9219177
55,01-12-2021 15:33:27.232220,0.8125377
56,01-12-2021 15:33:28.013510,0.7812862
57,01-12-2021 15:33:28.763540,0.7500348
58,01-12-2021 15:33:29.591710,0.8281631
59,01-12-2021 15:33:30.435490,0.843789
60,01-12-2021 15:33:31.263660,0.8281634
61,01-12-2021 15:33:32.279330,1.015672
62,01-12-2021 15:33:33.310630,1.031298
63,01-12-2021 15:33:34.201290,0.8906662
64,01-12-2021 15:33:35.107590,0.9062919
65,01-12-2021 15:33:36.123260,1.015672
66,01-12-2021 15:33:37.123300,1.000046
67,01-12-2021 15:33:37.967090,0.843789
68,01-12-2021 15:33:38.889010,0.9219177
69,01-12-2021 15:33:39.842180,0.9531693
70,01-12-2021 15:33:40.670340,0.8281634
71,01-12-2021 15:33:41.482880,0.8125374
72,01-12-2021 15:33:42.420420,0.9375434
73,01-12-2021 15:33:43.436100,1.015672
74,01-12-2021 15:33:44.326760,0.8906662
75,01-12-2021 15:33:45.248680,0.9219177
76,01-12-2021 15:33:46.217480,0.9687948
77,01-12-2021 15:33:47.108140,0.8906662
78,01-12-2021 15:33:47.951930,0.843789
79,01-12-2021 15:33:48.842600,0.8906662
80,01-12-2021 15:33:49.827020,0.9844205
81,01-12-2021 15:33:50.842690,1.015672
82,01-12-2021 15:33:51.702100,0.8594148
83,01-12-2021 15:33:52.686530,0.9844208
84,01-12-2021 15:33:53.702200,1.015672
85,01-12-2021 15:33:54.608490,0.9062919
86,01-12-2021 15:33:55.499160,0.8906662
87,01-12-2021 15:33:56.639830,1.140678
88,01-12-2021 15:34:00.233750,0.7812862
89,01-12-2021 15:34:01.030660,0.7969117
90,01-12-2021 15:34:01.921330,0.8906665
91,01-12-2021 15:34:02.827620,0.9062919
92,01-12-2021 15:34:03.608910,0.781286
93,01-12-2021 15:34:04.405820,0.796912
94,01-12-2021 15:34:05.140230,0.7344091
95,01-12-2021 15:34:05.890260,0.7500346
96,01-12-2021 15:34:06.687170,0.796912
97,01-12-2021 15:34:07.452830,0.7656605
98,01-12-2021 15:34:08.281000,0.8281634
99,01-12-2021 15:34:09.234170,0.9531691
100,01-12-2021 15:34:10.109210,0.8750405
101,01-12-2021 15:34:10.968620,0.8594148
102,01-12-2021 15:34:11.859290,0.8906662
103,01-12-2021 15:34:12.796830,0.9375434
104,01-12-2021 15:34:13.640620,0.843789
105,01-12-2021 15:34:14.437530,0.796912
106,01-12-2021 15:34:15.296950,0.8594148
107,01-12-2021 15:34:16.125110,0.8281634
108,01-12-2021 15:34:17.000150,0.8750405
109,01-12-2021 15:34:17.843940,0.8437889
110,01-12-2021 15:34:18.656480,0.8125377
111,01-12-2021 15:34:19.578400,0.9219177
112,01-12-2021 15:34:20.328430,0.7500348
113,01-12-2021 15:34:21.172220,0.843789
114,01-12-2021 15:34:22.062890,0.8906662
115,01-12-2021 15:34:22.953550,0.8906662
116,01-12-2021 15:34:23.781720,0.8281634
117,01-12-2021 15:34:24.594250,0.8125377
118,01-12-2021 15:34:25.469290,0.8750405
119,01-12-2021 15:34:26.469340,1.000046
120,01-12-2021 15:34:27.328750,0.8594148
121,01-12-2021 15:34:28.141290,0.8125377
122,01-12-2021 15:34:29.000710,0.8594148
123,01-12-2021 15:34:29.985130,0.9844205
124,01-12-2021 15:34:30.891420,0.9062919
125,01-12-2021 15:34:31.719580,0.8281634
126,01-12-2021 15:34:32.829010,1.109426
127,01-12-2021 15:34:33.829060,1.000046
128,01-12-2021 15:34:50.407950,0.8125377
129,01-12-2021 15:34:51.298610,0.8906662
130,01-12-2021 15:34:52.236160,0.9375434
131,01-12-2021 15:34:53.126820,0.8906662
132,01-12-2021 15:34:53.986240,0.8594148
133,01-12-2021 15:34:54.876910,0.8906662
134,01-12-2021 15:34:55.861330,0.9844205
135,01-12-2021 15:34:56.751990,0.8906662
136,01-12-2021 15:34:57.642660,0.8906662
137,01-12-2021 15:34:58.580200,0.9375434
138,01-12-2021 15:34:59.533370,0.9531693
139,01-12-2021 15:35:00.424040,0.8906662
140,01-12-2021 15:35:01.283450,0.8594148
141,01-12-2021 15:35:02.174120,0.8906662
142,01-12-2021 15:35:03.127290,0.9531691
143,01-12-2021 15:35:03.971080,0.843789
144,01-12-2021 15:35:04.861740,0.8906662
145,01-12-2021 15:35:05.783660,0.9219177
146,01-12-2021 15:35:06.721200,0.9375434
147,01-12-2021 15:35:07.596240,0.8750405
148,01-12-2021 15:35:08.440030,0.843789
149,01-12-2021 15:35:09.346330,0.9062919
150,01-12-2021 15:35:10.236990,0.8906662
151,01-12-2021 15:35:11.080780,0.843789
152,01-12-2021 15:35:11.893320,0.8125377
153,01-12-2021 15:35:12.768360,0.8750405
154,01-12-2021 15:35:13.690280,0.9219177
155,01-12-2021 15:35:14.549690,0.8594148
156,01-12-2021 15:35:15.393480,0.8437889
157,01-12-2021 15:35:25.831460,0.8594148
158,01-12-2021 15:35:26.753380,0.9219177
159,01-12-2021 15:35:27.628420,0.8750405
160,01-12-2021 15:35:28.597220,0.9687948
161,01-12-2021 15:35:29.534760,0.9375434
162,01-12-2021 15:35:30.394180,0.8594148
163,01-12-2021 15:35:31.253590,0.8594148
164,01-12-2021 15:35:32.144260,0.8906662
165,01-12-2021 15:35:33.066170,0.9219177
166,01-12-2021 15:35:33.941210,0.8750405
167,01-12-2021 15:35:34.863130,0.9219177
168,01-12-2021 15:35:35.800680,0.9375436
169,01-12-2021 15:35:36.722590,0.9219177
170,01-12-2021 15:35:37.535130,0.8125374
171,01-12-2021 15:35:38.410170,0.8750405
172,01-12-2021 15:35:39.269590,0.8594148
173,01-12-2021 15:35:40.160250,0.8906662
174,01-12-2021 15:35:41.222800,1.062549
175,01-12-2021 15:35:54.004640,0.796912
176,01-12-2021 15:35:54.895310,0.8906662
177,01-12-2021 15:35:55.785980,0.8906662
178,01-12-2021 15:35:56.676640,0.8906662
179,01-12-2021 15:35:57.551680,0.8750405
180,01-12-2021 15:35:58.411100,0.8594148
181,01-12-2021 15:35:59.223640,0.8125374
182,01-12-2021 15:36:00.051800,0.8281634
183,01-12-2021 15:36:00.942470,0.8906662
184,01-12-2021 15:36:01.848760,0.9062919
185,01-12-2021 15:36:02.708170,0.8594148
186,01-12-2021 15:36:03.567590,0.8594148
187,01-12-2021 15:36:04.427000,0.8594148
188,01-12-2021 15:36:05.302040,0.8750405
189,01-12-2021 15:36:06.130210,0.8281634
190,01-12-2021 15:36:07.036500,0.9062919
191,01-12-2021 15:36:07.974040,0.9375434
192,01-12-2021 15:36:08.911580,0.9375434
193,01-12-2021 15:36:09.833500,0.9219177
194,01-12-2021 15:36:10.833550,1.000046
195,01-12-2021 15:36:11.771090,0.9375434
196,01-12-2021 15:36:19.677710,0.8594148
197,01-12-2021 15:36:20.427740,0.7500346
198,01-12-2021 15:36:21.130900,0.7031577
199,01-12-2021 15:36:21.849680,0.7187833
200,01-12-2021 15:36:22.537220,0.6875317
201,01-12-2021 15:36:23.224750,0.6875319
202,01-12-2021 15:36:24.037290,0.8125377
203,01-12-2021 15:36:24.834200,0.7969117
204,01-12-2021 15:36:25.646730,0.8125377
205,01-12-2021 15:36:26.506150,0.8594148
206,01-12-2021 15:36:27.412440,0.9062919
207,01-12-2021 15:36:28.271860,0.8594148
208,01-12-2021 15:36:29.146900,0.8750405
209,01-12-2021 15:36:30.006310,0.8594148
210,01-12-2021 15:36:30.912600,0.9062919
211,01-12-2021 15:36:31.803270,0.8906662
212,01-12-2021 15:36:32.709560,0.9062919
213,01-12-2021 15:36:33.631480,0.9219177
214,01-12-2021 15:36:34.584650,0.9531691
215,01-12-2021 15:36:35.428440,0.843789
216,01-12-2021 15:36:36.287850,0.8594148
217,01-12-2021 15:36:37.256650,0.9687948
218,01-12-2021 15:36:38.006680,0.7500348
219,01-12-2021 15:36:48.241530,0.8125377
220,01-12-2021 15:36:49.007190,0.7656605
221,01-12-2021 15:36:49.804100,0.796912
222,01-12-2021 15:37:11.305100,0.9219177
223,01-12-2021 15:37:26.493300,1.000046
224,01-12-2021 15:37:27.477720,0.9844205
225,01-12-2021 15:37:33.665510,0.9062919
226,01-12-2021 15:37:34.696810,1.031298
227,01-12-2021 15:37:35.571850,0.8750405
228,01-12-2021 15:37:36.587520,1.015672
229,01-12-2021 15:37:37.478190,0.8906662
230,01-12-2021 15:37:38.509480,1.031298
231,01-12-2021 15:37:39.400150,0.8906662
232,01-12-2021 15:37:40.384570,0.9844205
233,01-12-2021 15:38:02.385590,0.6719062
234,01-12-2021 15:38:03.041870,0.6562803
235,01-12-2021 15:38:03.776280,0.7344091
236,01-12-2021 15:38:04.526310,0.7500348
237,01-12-2021 15:38:05.323230,0.7969117
238,01-12-2021 15:38:06.120140,0.796912
239,01-12-2021 15:38:06.932680,0.8125377
240,01-12-2021 15:38:07.745210,0.8125377
241,01-12-2021 15:38:08.604630,0.8594148
242,01-12-2021 15:38:09.432790,0.8281634
243,01-12-2021 15:38:10.245330,0.8125374
244,01-12-2021 15:38:11.089120,0.843789
245,01-12-2021 15:38:12.057910,0.9687951
246,01-12-2021 15:38:12.964200,0.9062919
247,01-12-2021 15:38:13.823620,0.8594148
248,01-12-2021 15:38:23.933460,0.8594148
249,01-12-2021 15:38:24.808500,0.8750405
250,01-12-2021 15:38:25.667920,0.8594148
251,01-12-2021 15:38:26.449200,0.7812862
252,01-12-2021 15:38:27.292990,0.843789
253,01-12-2021 15:38:28.214910,0.9219177
254,01-12-2021 15:38:29.152450,0.9375434
255,01-12-2021 15:38:29.996240,0.843789
256,01-12-2021 15:38:30.918160,0.9219177
257,01-12-2021 15:38:31.855700,0.9375434
258,01-12-2021 15:38:41.699910,0.8437889
259,01-12-2021 15:38:42.559330,0.8594148
260,01-12-2021 15:38:43.449990,0.8906662
261,01-12-2021 15:38:44.262530,0.8125377
262,01-12-2021 15:38:45.121940,0.8594148
263,01-12-2021 15:38:45.996980,0.8750405
264,01-12-2021 15:38:46.747020,0.7500348
265,01-12-2021 15:38:47.543930,0.796912
266,01-12-2021 15:38:52.716050,0.7656602
267,01-12-2021 15:38:53.403580,0.6875319
268,01-12-2021 15:38:59.075720,0.9531691
269,01-12-2021 15:38:59.950760,0.8750405
270,01-12-2021 15:39:01.091430,1.140678
271,01-12-2021 15:39:05.404130,0.9375434
272,01-12-2021 15:39:06.310430,0.9062919
273,01-12-2021 15:39:07.154210,0.843789
274,01-12-2021 15:39:08.076130,0.9219177
275,01-12-2021 15:39:09.044930,0.9687948
276,01-12-2021 15:39:09.982470,0.9375434
277,01-12-2021 15:39:10.841880,0.8594148
278,01-12-2021 15:39:11.826310,0.9844208
279,01-12-2021 15:39:12.810730,0.9844205
280,01-12-2021 15:39:13.638890,0.8281634
281,01-12-2021 15:39:14.513930,0.8750405
282,01-12-2021 15:39:15.326470,0.8125374
283,01-12-2021 15:39:16.201510,0.8750405
284,01-12-2021 15:39:16.951540,0.7500348
285,01-12-2021 15:39:17.998470,1.046923
286,01-12-2021 15:39:18.857880,0.8594148
287,01-12-2021 15:39:19.654790,0.796912
288,01-12-2021 15:39:20.436080,0.7812862
289,01-12-2021 15:39:31.374090,0.8594148
290,01-12-2021 15:39:32.186620,0.8125377
291,01-12-2021 15:39:33.046040,0.8594146
292,01-12-2021 15:39:33.921080,0.8750405
293,01-12-2021 15:39:34.905500,0.9844208
294,01-12-2021 15:39:35.843040,0.9375434
295,01-12-2021 15:39:36.624330,0.7812862
296,01-12-2021 15:39:37.436870,0.8125374
297,01-12-2021 15:39:38.202530,0.7656605
298,01-12-2021 15:39:38.999440,0.796912
299,01-12-2021 15:39:39.718220,0.7187833
300,01-12-2021 15:39:40.515130,0.7969117
301,01-12-2021 15:39:41.374550,0.8594148
302,01-12-2021 15:39:51.546900,0.9219177
303,01-12-2021 15:39:52.484440,0.9375434
304,01-12-2021 15:39:53.390730,0.9062919
305,01-12-2021 15:39:54.328270,0.9375436
306,01-12-2021 15:39:55.265820,0.9375434
307,01-12-2021 15:39:56.125230,0.8594148
308,01-12-2021 15:39:56.984650,0.8594148
309,01-12-2021 15:39:57.797180,0.8125374
310,01-12-2021 15:39:58.609720,0.8125377
311,01-12-2021 15:39:59.406630,0.796912
312,01-12-2021 15:40:03.984970,0.7031574
313,01-12-2021 15:40:04.797510,0.8125377
314,01-12-2021 15:40:05.578790,0.7812862
315,01-12-2021 15:40:06.391330,0.8125377
316,01-12-2021 15:40:07.235120,0.843789
317,01-12-2021 15:40:08.032030,0.796912
318,01-12-2021 15:40:08.875820,0.8437889
319,01-12-2021 15:40:39.908510,0.8281634
320,01-12-2021 15:40:40.767920,0.8594146
321,01-12-2021 15:40:41.705470,0.9375436
322,01-12-2021 15:40:54.174800,0.8906662
323,01-12-2021 15:40:55.081090,0.9062919
324,01-12-2021 15:40:55.971750,0.8906662
325,01-12-2021 15:40:56.878050,0.9062919
326,01-12-2021 15:40:57.706210,0.8281634
327,01-12-2021 15:40:58.534370,0.8281634
328,01-12-2021 15:40:59.331280,0.7969117
329,01-12-2021 15:41:00.050070,0.7187833
330,01-12-2021 15:41:00.878230,0.8281634
331,01-12-2021 15:41:01.706390,0.8281634
332,01-12-2021 15:41:02.565810,0.8594148
333,01-12-2021 15:41:03.456480,0.8906662
334,01-12-2021 15:41:04.425270,0.9687948
335,01-12-2021 15:41:05.269060,0.843789
336,01-12-2021 15:41:06.159730,0.8906662
337,01-12-2021 15:41:07.081640,0.9219177
338,01-12-2021 15:41:15.003890,0.8281634
339,01-12-2021 15:41:15.878930,0.8750405
340,01-12-2021 15:41:16.753970,0.8750405
341,01-12-2021 15:41:17.597760,0.843789
342,01-12-2021 15:41:18.410290,0.8125374
343,01-12-2021 15:41:19.207200,0.796912
344,01-12-2021 15:41:20.050990,0.843789
345,01-12-2021 15:41:20.910410,0.8594148
346,01-12-2021 15:41:21.738570,0.8281634
347,01-12-2021 15:41:22.644860,0.9062919
348,01-12-2021 15:41:23.598030,0.9531691
349,01-12-2021 15:41:24.519950,0.9219177
350,01-12-2021 15:41:25.363740,0.843789
351,01-12-2021 15:41:26.238780,0.8750405
352,01-12-2021 15:41:27.207580,0.9687948
353,01-12-2021 15:41:28.207620,1.000046
354,01-12-2021 15:41:29.113910,0.9062919
355,01-12-2021 15:41:30.020210,0.9062919
356,01-12-2021 15:41:30.957750,0.9375434
357,01-12-2021 15:41:31.942170,0.9844205
358,01-12-2021 15:41:32.817210,0.8750405
359,01-12-2021 15:41:33.739130,0.9219177
360,01-12-2021 15:41:48.505440,0.8906662
361,01-12-2021 15:41:49.380480,0.8750405
362,01-12-2021 15:41:50.208640,0.8281634
363,01-12-2021 15:41:51.068060,0.8594148
364,01-12-2021 15:41:51.989970,0.9219177
365,01-12-2021 15:41:52.880640,0.8906662
366,01-12-2021 15:41:53.786930,0.9062919
367,01-12-2021 15:41:54.724470,0.9375436
368,01-12-2021 15:41:55.662020,0.9375434
369,01-12-2021 15:41:56.521430,0.8594148
370,01-12-2021 15:41:57.458980,0.9375434
371,01-12-2021 15:41:58.412150,0.9531691
372,01-12-2021 15:41:59.396570,0.9844205
373,01-12-2021 15:42:00.302860,0.9062919
374,01-12-2021 15:42:01.271650,0.9687948
375,01-12-2021 15:42:02.224820,0.9531691
376,01-12-2021 15:42:03.131110,0.9062922
377,01-12-2021 15:42:04.006150,0.8750404
378,01-12-2021 15:42:04.928070,0.9219179
379,01-12-2021 15:42:05.849990,0.9219177
380,01-12-2021 15:42:06.787530,0.9375434
381,01-12-2021 15:42:07.631320,0.843789
382,01-12-2021 15:42:08.584490,0.9531691
383,01-12-2021 15:42:09.459530,0.8750405
384,01-12-2021 15:42:10.334570,0.8750405
385,01-12-2021 15:42:11.178360,0.843789
386,01-12-2021 15:42:12.084650,0.9062919
387,01-12-2021 15:42:12.944070,0.8594148
388,01-12-2021 15:42:13.772230,0.8281634
389,01-12-2021 15:42:14.616020,0.8437889
390,01-12-2021 15:42:15.506690,0.8906662
391,01-12-2021 15:42:16.428600,0.9219179
392,01-12-2021 15:42:17.256770,0.8281631
393,01-12-2021 15:42:18.100560,0.843789
394,01-12-2021 15:42:18.991220,0.8906662
395,01-12-2021 15:42:19.928770,0.9375434
396,01-12-2021 15:42:20.772560,0.843789
397,01-12-2021 15:42:21.663220,0.8906662
398,01-12-2021 15:42:22.553890,0.8906662
399,01-12-2021 15:42:23.475810,0.9219177
400,01-12-2021 15:42:24.350850,0.8750405
401,01-12-2021 15:42:25.257140,0.9062919
402,01-12-2021 15:42:26.241560,0.9844208
403,01-12-2021 15:42:27.132230,0.8906662
404,01-12-2021 15:42:28.038520,0.9062919
405,01-12-2021 15:42:28.897930,0.8594148
406,01-12-2021 15:42:29.757350,0.8594148
407,01-12-2021 15:42:30.585510,0.8281634
408,01-12-2021 15:42:31.476180,0.8906662
409,01-12-2021 15:42:32.398090,0.9219177
410,01-12-2021 15:42:33.320010,0.9219177
411,01-12-2021 15:42:34.163800,0.843789
412,01-12-2021 15:42:35.007590,0.843789
413,01-12-2021 15:42:35.882630,0.8750404
414,01-12-2021 15:42:36.710790,0.8281634
415,01-12-2021 15:42:37.460830,0.7500348
416,01-12-2021 15:42:38.242120,0.7812862
417,01-12-2021 15:42:38.945270,0.7031574
418,01-12-2021 15:42:39.742180,0.796912
419,01-12-2021 15:42:40.570350,0.8281634
420,01-12-2021 15:42:41.414140,0.843789
421,01-12-2021 15:42:42.242300,0.8281634
422,01-12-2021 15:42:49.820780,0.8125377
423,01-12-2021 15:42:50.648940,0.8281634
424,01-12-2021 15:42:51.570860,0.9219177
425,01-12-2021 15:42:52.461520,0.8906662
426,01-12-2021 15:42:53.305310,0.843789
427,01-12-2021 15:42:54.117850,0.8125377
428,01-12-2021 15:42:54.961640,0.843789
429,01-12-2021 15:42:55.805430,0.8437889
430,01-12-2021 15:42:56.617970,0.8125377
431,01-12-2021 15:42:57.446130,0.8281634
432,01-12-2021 15:42:58.352420,0.9062919
433,01-12-2021 15:42:59.289960,0.9375434
434,01-12-2021 15:43:00.243130,0.9531693
435,01-12-2021 15:43:01.227550,0.9844205
436,01-12-2021 15:43:02.196350,0.9687948
437,01-12-2021 15:43:03.087020,0.8906662
438,01-12-2021 15:43:03.946430,0.8594148
439,01-12-2021 15:43:04.962100,1.015672
440,01-12-2021 15:43:05.805890,0.843789
441,01-12-2021 15:43:06.680930,0.8750405
442,01-12-2021 15:43:07.540350,0.8594148
443,01-12-2021 15:43:08.509140,0.9687948
444,01-12-2021 15:43:09.306050,0.796912
445,01-12-2021 15:43:10.243600,0.9375434
446,01-12-2021 15:43:11.149890,0.9062919
447,01-12-2021 15:43:12.103060,0.9531691
448,01-12-2021 15:43:12.978100,0.8750405
449,01-12-2021 15:43:13.821890,0.843789
450,01-12-2021 15:43:14.743810,0.9219177
451,01-12-2021 15:43:15.665720,0.9219177
452,01-12-2021 15:43:16.525140,0.8594148
453,01-12-2021 15:43:17.431430,0.9062919
454,01-12-2021 15:43:18.353350,0.9219177
455,01-12-2021 15:43:19.244010,0.8906662
456,01-12-2021 15:43:20.134680,0.8906662
457,01-12-2021 15:43:21.087850,0.9531693
458,01-12-2021 15:43:22.041020,0.9531691
459,01-12-2021 15:43:22.931680,0.8906662
460,01-12-2021 15:43:23.837980,0.9062919
461,01-12-2021 15:43:24.775520,0.9375434
462,01-12-2021 15:43:25.588060,0.8125377
463,01-12-2021 15:43:26.463100,0.8750405
464,01-12-2021 15:43:27.338140,0.8750405
465,01-12-2021 15:43:28.275680,0.9375434
466,01-12-2021 15:43:29.150720,0.8750405
467,01-12-2021 15:43:30.072640,0.9219177
468,01-12-2021 15:43:31.057060,0.9844205
469,01-12-2021 15:43:32.041480,0.9844205
470,01-12-2021 15:43:32.916520,0.8750405
471,01-12-2021 15:43:33.854070,0.9375434
472,01-12-2021 15:43:34.822860,0.9687951
473,01-12-2021 15:43:35.760400,0.9375434
474,01-12-2021 15:43:36.651070,0.8906662
475,01-12-2021 15:43:37.572990,0.9219177
476,01-12-2021 15:43:38.526160,0.9531691
477,01-12-2021 15:43:39.416820,0.8906662
478,01-12-2021 15:43:40.338740,0.9219177
479,01-12-2021 15:43:41.307540,0.9687948
480,01-12-2021 15:43:42.213830,0.9062919
481,01-12-2021 15:43:43.088870,0.8750405
482,01-12-2021 15:43:43.963910,0.8750405
483,01-12-2021 15:43:44.917080,0.9531691
484,01-12-2021 15:43:45.792120,0.8750405
485,01-12-2021 15:43:46.651530,0.8594148
486,01-12-2021 15:43:47.510950,0.8594148
487,01-12-2021 15:43:48.417240,0.9062919
488,01-12-2021 15:43:49.307910,0.8906662
489,01-12-2021 15:43:50.261080,0.9531693
490,01-12-2021 15:43:51.229870,0.9687948
491,01-12-2021 15:43:52.151790,0.9219177
492,01-12-2021 15:44:04.355480,0.843789
493,01-12-2021 15:44:05.121140,0.7656605
494,01-12-2021 15:44:05.949300,0.8281634
495,01-12-2021 15:44:06.777470,0.8281634
496,01-12-2021 15:44:07.683760,0.9062919
497,01-12-2021 15:44:08.527550,0.843789
498,01-12-2021 15:44:14.059050,0.8281634
499,01-12-2021 15:44:14.934090,0.8750405
500,01-12-2021 15:44:15.809130,0.8750405
501,01-12-2021 15:44:16.637300,0.8281634
502,01-12-2021 15:44:17.434210,0.796912
503,01-12-2021 15:44:18.309250,0.8750405
504,01-12-2021 15:44:19.199920,0.8906662
505,01-12-2021 15:44:20.137460,0.9375434
506,01-12-2021 15:44:31.950510,0.8906662
507,01-12-2021 15:44:37.028870,0.7656605
508,01-12-2021 15:44:44.747970,0.8125377
509,01-12-2021 15:44:45.654270,0.9062919
510,01-12-2021 15:44:46.388670,0.7344089
511,01-12-2021 15:44:47.185590,0.796912
512,01-12-2021 15:44:48.060630,0.8750405
513,01-12-2021 15:44:49.013800,0.9531691
514,01-12-2021 15:44:49.935710,0.9219177
515,01-12-2021 15:44:50.826380,0.8906662
516,01-12-2021 15:44:57.951710,0.8594148
517,01-12-2021 15:44:58.873630,0.9219177
518,01-12-2021 15:44:59.842420,0.9687951
519,01-12-2021 15:45:09.202230,0.8281634
520,01-12-2021 15:45:10.092900,0.8906662
521,01-12-2021 15:45:10.905440,0.8125377
522,01-12-2021 15:45:11.717970,0.8125377
523,01-12-2021 15:45:12.561760,0.8437889
524,01-12-2021 15:45:13.483680,0.9219177
525,01-12-2021 15:45:14.311840,0.8281634
526,01-12-2021 15:45:15.124380,0.8125377
527,01-12-2021 15:45:15.999420,0.8750405
528,01-12-2021 15:45:16.921340,0.9219177
529,01-12-2021 15:45:17.796380,0.8750405
530,01-12-2021 15:45:18.624540,0.8281634
531,01-12-2021 15:45:19.499580,0.8750405
532,01-12-2021 15:45:20.374620,0.8750405
533,01-12-2021 15:45:21.187160,0.8125377
534,01-12-2021 15:45:22.046580,0.8594148
535,01-12-2021 15:45:22.859110,0.8125377
536,01-12-2021 15:45:23.702900,0.843789
537,01-12-2021 15:45:24.562320,0.8594148
538,01-12-2021 15:45:25.390480,0.8281631
539,01-12-2021 15:45:26.296770,0.9062919
540,01-12-2021 15:45:27.218690,0.9219179
541,01-12-2021 15:45:28.093730,0.8750404
542,01-12-2021 15:45:28.953150,0.8594148
543,01-12-2021 15:45:29.828190,0.8750405
544,01-12-2021 15:45:30.718850,0.8906662
545,01-12-2021 15:45:31.531390,0.8125377
546,01-12-2021 15:45:32.375180,0.843789
547,01-12-2021 15:45:33.234590,0.8594148
548,01-12-2021 15:45:34.125260,0.8906662
549,01-12-2021 15:45:34.984680,0.8594148
550,01-12-2021 15:45:35.844090,0.8594148
551,01-12-2021 15:45:36.719130,0.8750405
552,01-12-2021 15:45:37.641050,0.9219177
553,01-12-2021 15:45:38.469210,0.8281634
554,01-12-2021 15:45:39.328630,0.8594148
555,01-12-2021 15:45:40.203670,0.8750405
556,01-12-2021 15:45:41.063080,0.8594148
557,01-12-2021 15:45:41.875620,0.8125377
558,01-12-2021 15:45:42.703780,0.8281631
559,01-12-2021 15:45:43.516320,0.8125377
560,01-12-2021 15:45:44.375740,0.8594148
561,01-12-2021 15:45:45.219520,0.843789
562,01-12-2021 15:45:46.047690,0.8281634
563,01-12-2021 15:45:57.188830,0.8281634
564,01-12-2021 15:45:58.235750,1.046924
565,01-12-2021 15:45:59.063920,0.8281631
566,01-12-2021 15:45:59.938960,0.8750405
567,01-12-2021 15:46:00.892130,0.9531693
568,01-12-2021 15:46:01.767170,0.8750405
569,01-12-2021 15:46:02.642210,0.8750405
570,01-12-2021 15:46:03.470370,0.8281631
571,01-12-2021 15:46:04.329780,0.8594148
572,01-12-2021 15:46:05.236080,0.9062919
573,01-12-2021 15:46:06.126740,0.8906662
574,01-12-2021 15:46:06.986160,0.8594148
575,01-12-2021 15:46:07.829950,0.843789
576,01-12-2021 15:46:08.720610,0.8906662
577,01-12-2021 15:46:09.595650,0.8750405
578,01-12-2021 15:46:10.408190,0.8125377
579,01-12-2021 15:46:11.236350,0.8281634
580,01-12-2021 15:46:12.064520,0.8281634
581,01-12-2021 15:46:13.017690,0.9531691
582,01-12-2021 15:46:13.861480,0.843789
583,01-12-2021 15:46:14.658390,0.796912
584,01-12-2021 15:46:15.533430,0.8750405
585,01-12-2021 15:46:16.424090,0.8906662
586,01-12-2021 15:46:17.267880,0.843789
587,01-12-2021 15:46:18.080420,0.8125374
588,01-12-2021 15:46:18.955460,0.8750405
589,01-12-2021 15:46:19.830500,0.8750405
590,01-12-2021 15:46:20.658670,0.8281634
591,01-12-2021 15:46:21.486830,0.8281634
592,01-12-2021 15:46:22.361870,0.8750405
593,01-12-2021 15:46:23.268160,0.9062919
594,01-12-2021 15:46:24.143200,0.8750405
595,01-12-2021 15:46:25.002620,0.8594148
596,01-12-2021 15:46:25.877660,0.8750405
597,01-12-2021 15:46:26.799580,0.9219177
598,01-12-2021 15:46:27.658990,0.8594148
599,01-12-2021 15:46:28.534030,0.8750405
600,01-12-2021 15:46:29.409070,0.8750405
601,01-12-2021 15:46:30.330990,0.9219177
602,01-12-2021 15:46:31.206030,0.8750405
603,01-12-2021 15:46:32.065440,0.8594148
604,01-12-2021 15:46:32.940480,0.8750405
605,01-12-2021 15:46:33.846780,0.9062919
606,01-12-2021 15:46:34.674940,0.8281634
607,01-12-2021 15:46:35.456230,0.7812862
608,01-12-2021 15:46:36.268760,0.8125374
609,01-12-2021 15:46:37.112550,0.843789
610,01-12-2021 15:46:37.925090,0.8125377
611,01-12-2021 15:46:56.035300,0.671906
612,01-12-2021 15:46:56.707210,0.6719062
613,01-12-2021 15:46:57.472870,0.7656602
614,01-12-2021 15:46:58.144780,0.6719062
615,01-12-2021 15:46:58.941690,0.796912
616,01-12-2021 15:46:59.676100,0.7344089
617,01-12-2021 15:47:00.519890,0.843789
618,01-12-2021 15:47:01.519930,1.000046
619,01-12-2021 15:47:02.332470,0.8125374
620,01-12-2021 15:47:03.160630,0.8281634
621,01-12-2021 15:47:04.004420,0.843789
622,01-12-2021 15:47:04.832590,0.8281634
623,01-12-2021 15:47:05.723250,0.8906662
624,01-12-2021 15:47:06.504540,0.7812862
625,01-12-2021 15:47:07.363950,0.8594148
626,01-12-2021 15:47:08.379630,1.015672
627,01-12-2021 15:47:09.332790,0.9531691
628,01-12-2021 15:47:10.129710,0.796912
629,01-12-2021 15:47:11.004750,0.8750405
630,01-12-2021 15:47:11.911040,0.9062919
631,01-12-2021 15:47:12.707950,0.796912
632,01-12-2021 15:47:13.473610,0.7656605
633,01-12-2021 15:47:14.379900,0.9062919
634,01-12-2021 15:47:15.395580,1.015672
635,01-12-2021 15:47:16.380000,0.9844205
636,01-12-2021 15:47:17.223790,0.843789
637,01-12-2021 15:47:18.130080,0.9062919
638,01-12-2021 15:47:19.083250,0.9531691
639,01-12-2021 15:47:20.052040,0.9687948
640,01-12-2021 15:47:20.927080,0.8750405
641,01-12-2021 15:47:21.849000,0.9219177
642,01-12-2021 15:47:22.802170,0.9531693
643,01-12-2021 15:47:23.708460,0.9062919
644,01-12-2021 15:47:24.552250,0.843789
645,01-12-2021 15:47:25.442920,0.8906662
646,01-12-2021 15:47:26.364830,0.9219177
647,01-12-2021 15:47:27.208620,0.843789
648,01-12-2021 15:47:28.083660,0.8750405
649,01-12-2021 15:47:28.974330,0.8906662
650,01-12-2021 15:47:29.958750,0.9844205
651,01-12-2021 15:47:30.865040,0.9062919
652,01-12-2021 15:47:31.771330,0.9062919
653,01-12-2021 15:47:32.708880,0.9375434
654,01-12-2021 15:47:33.630800,0.9219177
655,01-12-2021 15:47:34.537090,0.9062919
656,01-12-2021 15:47:35.349620,0.8125377
657,01-12-2021 15:47:36.271540,0.9219177
658,01-12-2021 15:47:37.224710,0.9531691
659,01-12-2021 15:47:38.146630,0.9219177
660,01-12-2021 15:47:39.006040,0.8594148
661,01-12-2021 15:47:39.912340,0.9062919
662,01-12-2021 15:47:40.881130,0.9687948
663,01-12-2021 15:47:49.162760,0.843789
664,01-12-2021 15:47:50.053430,0.8906662
665,01-12-2021 15:47:50.850340,0.796912
666,01-12-2021 15:47:51.725380,0.8750405
667,01-12-2021 15:47:52.647300,0.9219177
668,01-12-2021 15:47:53.569220,0.9219177
669,01-12-2021 15:47:54.459880,0.8906662
670,01-12-2021 15:47:55.350550,0.8906662
671,01-12-2021 15:47:56.288090,0.9375434
672,01-12-2021 15:47:57.178760,0.8906662
673,01-12-2021 15:47:58.022550,0.843789
674,01-12-2021 15:47:58.928840,0.9062919
675,01-12-2021 15:47:59.882010,0.9531691
676,01-12-2021 15:48:00.788300,0.9062919
677,01-12-2021 15:48:01.694590,0.9062919
678,01-12-2021 15:48:02.647760,0.9531693
679,01-12-2021 15:48:03.632180,0.9844205
680,01-12-2021 15:48:04.522850,0.8906662
681,01-12-2021 15:48:05.444770,0.9219177
682,01-12-2021 15:48:06.397940,0.9531691
683,01-12-2021 15:48:07.413610,1.015672
684,01-12-2021 15:48:08.319900,0.9062919
685,01-12-2021 15:48:09.241820,0.9219179
686,01-12-2021 15:48:10.163740,0.9219177
687,01-12-2021 15:48:11.116910,0.9531691
688,01-12-2021 15:48:11.976320,0.8594148
689,01-12-2021 15:48:12.882610,0.9062919
690,01-12-2021 15:48:13.726400,0.843789
691,01-12-2021 15:48:26.867640,0.7187831
692,01-12-2021 15:48:27.602040,0.7344091
693,01-12-2021 15:48:49.946830,0.9219177
694,01-12-2021 15:48:55.618970,0.7500346
695,01-12-2021 15:49:03.775590,0.843789
696,01-12-2021 15:49:18.448150,0.7656605
697,01-12-2021 15:49:25.073460,0.7187833
698,01-12-2021 15:49:25.854740,0.7812862
699,01-12-2021 15:49:26.682910,0.8281631
700,01-12-2021 15:49:27.495440,0.8125377
701,01-12-2021 15:49:34.995790,0.7344089
702,01-12-2021 15:49:35.714570,0.7187833
703,01-12-2021 15:49:36.495860,0.7812862
704,01-12-2021 15:49:37.199020,0.7031574
705,01-12-2021 15:49:37.917800,0.7187833
706,01-12-2021 15:49:38.667840,0.7500348
707,01-12-2021 15:49:39.433500,0.7656602
708,01-12-2021 15:49:40.136650,0.7031577
709,01-12-2021 15:49:40.886690,0.7500348
710,01-12-2021 15:49:41.652350,0.7656602
711,01-12-2021 15:49:42.418010,0.7656605
712,01-12-2021 15:49:43.246170,0.8281634
713,01-12-2021 15:49:54.465440,0.5781517
714,01-12-2021 15:49:55.121720,0.6562805
715,01-12-2021 15:50:03.950260,0.6406548
716,01-12-2021 15:50:04.590910,0.6406546
717,01-12-2021 15:50:05.325320,0.7344091
718,01-12-2021 15:50:06.106610,0.781286
719,01-12-2021 15:50:06.997270,0.8906665
720,01-12-2021 15:50:07.762930,0.7656602
721,01-12-2021 15:50:08.497340,0.7344091
722,01-12-2021 15:50:09.309880,0.8125377
723,01-12-2021 15:50:10.184920,0.8750405
724,01-12-2021 15:50:11.138090,0.9531691
725,01-12-2021 15:50:11.966250,0.8281634
726,01-12-2021 15:50:12.841290,0.8750405
727,01-12-2021 15:50:13.841340,1.000046
728,01-12-2021 15:50:14.716380,0.8750405
729,01-12-2021 15:50:15.607050,0.8906662
730,01-12-2021 15:50:16.638340,1.031298
731,01-12-2021 15:50:17.669640,1.031298
732,01-12-2021 15:50:18.544680,0.8750405
733,01-12-2021 15:50:19.529100,0.9844205
734,01-12-2021 15:50:20.497900,0.9687948
735,01-12-2021 15:50:21.357310,0.8594148
736,01-12-2021 15:50:22.294860,0.9375434
737,01-12-2021 15:50:23.107390,0.8125377
738,01-12-2021 15:50:24.013690,0.9062919
739,01-12-2021 15:50:24.794970,0.7812862
740,01-12-2021 15:50:25.591880,0.796912
741,01-12-2021 15:50:26.466920,0.8750404
742,01-12-2021 15:50:27.341960,0.8750405
743,01-12-2021 15:50:28.123250,0.7812862
744,01-12-2021 15:50:29.013920,0.8906662
745,01-12-2021 15:50:29.920210,0.9062919
746,01-12-2021 15:50:30.732750,0.8125377
747,01-12-2021 15:50:31.576540,0.843789
748,01-12-2021 15:50:32.451580,0.8750405
749,01-12-2021 15:50:33.420370,0.9687948
750,01-12-2021 15:50:34.264160,0.843789
751,01-12-2021 15:50:35.326710,1.062549
752,01-12-2021 15:50:36.373630,1.046923
753,01-12-2021 15:50:37.295550,0.9219177
754,01-12-2021 15:50:38.233090,0.9375434
755,01-12-2021 15:50:39.201890,0.9687948
756,01-12-2021 15:50:40.123810,0.9219177
757,01-12-2021 15:50:40.920720,0.796912
758,01-12-2021 15:50:41.780130,0.8594148
759,01-12-2021 15:50:42.545790,0.7656605
760,01-12-2021 15:50:43.295830,0.7500348
761,01-12-2021 15:50:44.030240,0.7344089
762,01-12-2021 15:50:44.764650,0.7344091
763,01-12-2021 15:50:45.499060,0.7344089
764,01-12-2021 15:50:46.202210,0.7031577
765,01-12-2021 15:50:46.967870,0.7656605
766,01-12-2021 15:50:47.717910,0.7500346
767,01-12-2021 15:50:48.436690,0.7187833
768,01-12-2021 15:50:49.171100,0.7344091
769,01-12-2021 15:50:49.936760,0.7656605
770,01-12-2021 15:50:50.718050,0.781286
771,01-12-2021 15:50:51.546210,0.8281634
772,01-12-2021 15:50:52.390000,0.843789
773,01-12-2021 15:50:53.249410,0.8594148
774,01-12-2021 15:50:54.061950,0.8125377
775,01-12-2021 15:50:54.843240,0.7812862
776,01-12-2021 15:50:55.593270,0.7500346
777,01-12-2021 15:50:56.437060,0.843789
778,01-12-2021 15:50:57.296480,0.8594148
779,01-12-2021 15:50:58.155890,0.8594148
780,01-12-2021 15:50:59.124690,0.9687948
781,01-12-2021 15:51:00.124730,1.000046
782,01-12-2021 15:51:01.031030,0.9062919
783,01-12-2021 15:51:01.952940,0.9219177
784,01-12-2021 15:51:02.921740,0.9687948
785,01-12-2021 15:51:03.921780,1.000046
786,01-12-2021 15:51:04.874950,0.9531691
787,01-12-2021 15:51:05.937500,1.062549
788,01-12-2021 15:51:06.953170,1.015672
789,01-12-2021 15:51:07.906340,0.9531691
790,01-12-2021 15:51:08.687630,0.7812862
791,01-12-2021 15:51:09.484540,0.796912
792,01-12-2021 15:51:10.250200,0.7656602
793,01-12-2021 15:51:10.953360,0.7031577
794,01-12-2021 15:51:11.656520,0.7031577
795,01-12-2021 15:51:12.469050,0.8125374
796,01-12-2021 15:51:13.281590,0.8125377
797,01-12-2021 15:51:14.187880,0.9062919
798,01-12-2021 15:51:15.109800,0.9219177
799,01-12-2021 15:51:15.937970,0.8281634
800,01-12-2021 15:51:16.906760,0.9687948
801,01-12-2021 15:51:17.766180,0.8594148
802,01-12-2021 15:51:18.578710,0.8125377
803,01-12-2021 15:51:19.438130,0.8594148
804,01-12-2021 15:51:20.219410,0.7812862
805,01-12-2021 15:51:20.985070,0.7656605
806,01-12-2021 15:51:21.813240,0.8281634
807,01-12-2021 15:51:22.750780,0.9375434
808,01-12-2021 15:51:23.594570,0.843789
809,01-12-2021 15:51:24.516490,0.9219177
810,01-12-2021 15:51:25.454030,0.9375434
811,01-12-2021 15:51:26.344700,0.8906662
812,01-12-2021 15:51:27.172860,0.8281634
813,01-12-2021 15:51:28.001020,0.8281631
814,01-12-2021 15:51:28.876060,0.8750405
815,01-12-2021 15:51:29.704230,0.8281634
816,01-12-2021 15:51:30.532390,0.8281634
817,01-12-2021 15:51:31.407430,0.8750405
818,01-12-2021 15:51:32.313720,0.9062919
819,01-12-2021 15:51:33.204390,0.8906662
820,01-12-2021 15:51:34.126310,0.9219177
821,01-12-2021 15:51:34.985720,0.8594148
822,01-12-2021 15:51:35.767010,0.7812862
823,01-12-2021 15:51:36.548300,0.7812862
824,01-12-2021 15:51:37.329580,0.7812862
825,01-12-2021 15:51:38.095240,0.7656602
826,01-12-2021 15:51:38.954660,0.8594148
827,01-12-2021 15:51:39.907830,0.9531691
828,01-12-2021 15:51:40.751610,0.843789
829,01-12-2021 15:51:41.626660,0.8750405
830,01-12-2021 15:51:42.548570,0.9219177
831,01-12-2021 15:51:43.329860,0.7812862
832,01-12-2021 15:51:44.111150,0.7812862
833,01-12-2021 15:51:44.908060,0.796912
834,01-12-2021 15:51:45.876850,0.9687948
835,01-12-2021 15:51:46.798770,0.9219177
836,01-12-2021 15:51:47.783190,0.9844205
837,01-12-2021 15:51:48.611350,0.8281634
838,01-12-2021 15:51:57.017990,0.671906
839,01-12-2021 15:52:07.940370,0.5469005
840,01-12-2021 15:52:08.565400,0.6250288
841,01-12-2021 15:52:09.127930,0.562526
842,01-12-2021 15:52:09.737330,0.6094034
843,01-12-2021 15:52:10.331110,0.5937774
844,01-12-2021 15:52:10.987390,0.6562805
845,01-12-2021 15:52:11.596790,0.6094031
846,01-12-2021 15:52:12.237450,0.6406546
847,01-12-2021 15:52:12.862480,0.6250291
848,01-12-2021 15:52:20.675340,0.7500346
849,01-12-2021 15:52:21.441000,0.7656605
850,01-12-2021 15:52:22.441050,1.000046
851,01-12-2021 15:52:23.394210,0.9531693
852,01-12-2021 15:52:24.253630,0.8594148
853,01-12-2021 15:52:25.191170,0.9375434
854,01-12-2021 15:52:26.159970,0.9687948
855,01-12-2021 15:52:27.128760,0.9687948
856,01-12-2021 15:52:28.066310,0.9375434
857,01-12-2021 15:52:28.956970,0.8906662
858,01-12-2021 15:52:29.957020,1.000046
859,01-12-2021 15:52:30.988320,1.031298
860,01-12-2021 15:52:31.988360,1.000046
861,01-12-2021 15:52:32.957160,0.9687948
862,01-12-2021 15:52:33.988460,1.031298
863,01-12-2021 15:52:41.988830,0.8750405
864,01-12-2021 15:52:42.754490,0.7656602
865,01-12-2021 15:52:43.551400,0.796912
866,01-12-2021 15:52:44.363940,0.8125377
867,01-12-2021 15:52:45.082720,0.7187833
868,01-12-2021 15:52:45.801500,0.7187831
869,01-12-2021 15:52:46.535910,0.7344091
870,01-12-2021 15:52:47.473450,0.9375434
871,01-12-2021 15:52:48.254740,0.7812862
872,01-12-2021 15:52:49.082900,0.8281634
873,01-12-2021 15:52:57.145780,0.796912
874,01-12-2021 15:52:57.973940,0.8281634
875,01-12-2021 15:52:58.848980,0.8750405
876,01-12-2021 15:52:59.630270,0.781286
877,01-12-2021 15:53:00.349050,0.7187833
878,01-12-2021 15:53:01.192840,0.843789
879,01-12-2021 15:53:02.083510,0.8906662
880,01-12-2021 15:53:02.911670,0.8281634
881,01-12-2021 15:53:03.771080,0.8594148
882,01-12-2021 15:53:04.661750,0.8906662
883,01-12-2021 15:53:05.552420,0.8906662
884,01-12-2021 15:53:06.396210,0.843789
885,01-12-2021 15:53:07.177490,0.7812862
886,01-12-2021 15:53:07.974400,0.7969117
887,01-12-2021 15:53:08.833820,0.8594148
888,01-12-2021 15:53:09.661980,0.8281634
889,01-12-2021 15:53:10.521400,0.8594148
890,01-12-2021 15:53:11.427690,0.9062919
891,01-12-2021 15:53:12.271480,0.843789
892,01-12-2021 15:53:13.068390,0.796912
893,01-12-2021 15:53:14.021560,0.9531691
894,01-12-2021 15:53:14.896600,0.8750405
895,01-12-2021 15:53:15.693510,0.796912
896,01-12-2021 15:53:16.506050,0.8125377
897,01-12-2021 15:53:17.365460,0.8594148
898,01-12-2021 15:53:18.162380,0.7969117
899,01-12-2021 15:53:18.928040,0.7656605
900,01-12-2021 15:53:19.724950,0.796912
901,01-12-2021 15:53:20.521860,0.796912
902,01-12-2021 15:53:21.428150,0.9062919
903,01-12-2021 15:53:22.303190,0.8750405
904,01-12-2021 15:53:23.084480,0.781286
905,01-12-2021 15:53:23.928270,0.843789
906,01-12-2021 15:53:24.803310,0.8750405
907,01-12-2021 15:53:25.740850,0.9375434
908,01-12-2021 15:53:26.615890,0.8750405
909,01-12-2021 15:53:27.444060,0.8281634
910,01-12-2021 15:53:28.319100,0.8750405
911,01-12-2021 15:53:29.162890,0.843789
912,01-12-2021 15:53:30.006670,0.843789
913,01-12-2021 15:53:30.772340,0.7656605
914,01-12-2021 15:53:31.569250,0.796912
915,01-12-2021 15:53:32.475540,0.9062919
916,01-12-2021 15:53:33.475590,1.000046
917,01-12-2021 15:53:40.007140,0.8594148
918,01-12-2021 15:53:40.850930,0.843789
919,01-12-2021 15:53:41.835350,0.9844205
920,01-12-2021 15:53:42.741640,0.9062919
921,01-12-2021 15:53:43.710430,0.9687948
922,01-12-2021 15:53:44.601100,0.8906662
923,01-12-2021 15:53:45.476140,0.8750405
924,01-12-2021 15:53:46.382430,0.9062919
925,01-12-2021 15:53:47.288720,0.9062919
926,01-12-2021 15:53:48.210640,0.9219177
927,01-12-2021 15:53:49.101310,0.8906662
928,01-12-2021 15:53:49.991980,0.8906662
929,01-12-2021 15:53:50.898270,0.9062919
930,01-12-2021 15:53:51.820180,0.9219177
931,01-12-2021 15:53:52.695230,0.8750405
932,01-12-2021 15:53:53.539010,0.843789
933,01-12-2021 15:53:54.507810,0.9687948
934,01-12-2021 15:53:55.445350,0.9375436
935,01-12-2021 15:53:56.320390,0.8750405
936,01-12-2021 15:53:57.211060,0.8906662
937,01-12-2021 15:53:57.945470,0.7344089
938,01-12-2021 15:53:58.664250,0.7187833
939,01-12-2021 15:53:59.476790,0.8125377
940,01-12-2021 15:54:00.258080,0.781286
941,01-12-2021 15:54:01.023740,0.7656605
942,01-12-2021 15:54:01.898780,0.8750405
943,01-12-2021 15:54:02.711310,0.8125377
944,01-12-2021 15:54:03.445720,0.7344091
945,01-12-2021 15:54:04.211380,0.7656602
946,01-12-2021 15:54:04.945790,0.7344091
947,01-12-2021 15:54:05.695830,0.7500348
948,01-12-2021 15:54:06.477110,0.781286
949,01-12-2021 15:54:07.258400,0.7812862
950,01-12-2021 15:54:08.008430,0.7500348
951,01-12-2021 15:54:08.774100,0.7656605
952,01-12-2021 15:54:09.602260,0.8281634
953,01-12-2021 15:54:10.383540,0.781286
954,01-12-2021 15:54:11.196080,0.8125377
955,01-12-2021 15:54:11.992990,0.796912
956,01-12-2021 15:54:12.836780,0.843789
957,01-12-2021 15:54:24.540450,0.5781517
958,01-12-2021 15:54:25.165480,0.6250291
959,01-12-2021 15:54:25.728010,0.562526
960,01-12-2021 15:54:26.462410,0.7344091
961,01-12-2021 15:54:27.040570,0.5781517
962,01-12-2021 15:54:27.790600,0.7500348
963,01-12-2021 15:54:32.322060,0.7031577
964,01-12-2021 15:54:33.181480,0.8594148
965,01-12-2021 15:54:42.510030,0.7344091
966,01-12-2021 15:54:43.260070,0.7500348
967,01-12-2021 15:54:44.010100,0.7500346
968,01-12-2021 15:54:44.775760,0.7656605
969,01-12-2021 15:54:45.525800,0.7500348
970,01-12-2021 15:54:46.338330,0.8125377
971,01-12-2021 15:54:47.088370,0.7500346
972,01-12-2021 15:54:47.869660,0.7812862
973,01-12-2021 15:54:48.635320,0.7656605
974,01-12-2021 15:54:49.463480,0.8281634
975,01-12-2021 15:54:50.322890,0.8594148
976,01-12-2021 15:54:51.135430,0.8125374
977,01-12-2021 15:54:51.947970,0.8125377
978,01-12-2021 15:54:52.729260,0.7812862
979,01-12-2021 15:54:53.448040,0.7187833
980,01-12-2021 15:54:54.166820,0.7187831
981,01-12-2021 15:54:54.963730,0.796912
982,01-12-2021 15:54:55.698140,0.7344091
983,01-12-2021 15:54:56.541930,0.843789
984,01-12-2021 15:54:57.370100,0.8281631
985,01-12-2021 15:54:58.026380,0.6562805
986,01-12-2021 15:54:58.838910,0.8125377
987,01-12-2021 15:54:59.620200,0.7812862
988,01-12-2021 15:55:00.401490,0.781286
989,01-12-2021 15:55:01.167150,0.7656605
990,01-12-2021 15:55:01.964060,0.796912
991,01-12-2021 15:55:02.760970,0.796912
992,01-12-2021 15:55:03.557880,0.7969117
993,01-12-2021 15:55:04.339170,0.7812862
994,01-12-2021 15:55:05.198580,0.8594148
995,01-12-2021 15:55:06.089250,0.8906662
996,01-12-2021 15:55:06.917410,0.8281634
997,01-12-2021 15:55:07.745580,0.8281634
998,01-12-2021 15:55:08.589370,0.843789
999,01-12-2021 15:55:09.448780,0.8594148
1000,01-12-2021 15:55:10.276940,0.8281634
1001,01-12-2021 15:55:11.136360,0.8594148
1002,01-12-2021 15:55:11.980150,0.8437889
1003,01-12-2021 15:55:12.839560,0.8594148
1004,01-12-2021 15:55:13.667730,0.8281634
1005,01-12-2021 15:55:14.527140,0.8594148
1006,01-12-2021 15:55:15.355300,0.8281634
1007,01-12-2021 15:55:16.120960,0.7656605
1008,01-12-2021 15:55:16.855370,0.7344089
1009,01-12-2021 15:55:17.574160,0.7187833
1010,01-12-2021 15:55:18.355440,0.7812862
1011,01-12-2021 15:55:19.214860,0.8594148
1012,01-12-2021 15:55:20.027400,0.8125377
1013,01-12-2021 15:55:20.777430,0.7500346
1014,01-12-2021 15:55:21.449340,0.6719062
1015,01-12-2021 15:55:22.246250,0.796912
1016,01-12-2021 15:55:22.965030,0.7187831
1017,01-12-2021 15:55:23.683810,0.7187833
1018,01-12-2021 15:55:24.418220,0.7344091
1019,01-12-2021 15:55:25.137010,0.7187831
1020,01-12-2021 15:55:25.855790,0.7187833
1021,01-12-2021 15:55:26.558950,0.7031574
1022,01-12-2021 15:55:27.277730,0.7187833
1023,01-12-2021 15:55:28.012140,0.7344091
1024,01-12-2021 15:55:28.715300,0.7031574
1025,01-12-2021 15:55:29.512210,0.796912
1026,01-12-2021 15:55:30.293500,0.7812862
1027,01-12-2021 15:55:31.090410,0.796912
1028,01-12-2021 15:55:32.012330,0.9219177
1029,01-12-2021 15:55:32.949870,0.9375434
1030,01-12-2021 15:55:33.809280,0.8594148
1031,01-12-2021 15:55:34.684320,0.8750405
1032,01-12-2021 15:55:35.590620,0.9062919
1033,01-12-2021 15:55:36.465660,0.8750405
1034,01-12-2021 15:55:37.293820,0.8281634
1035,01-12-2021 15:55:38.200110,0.9062919
1036,01-12-2021 15:55:39.153280,0.9531691
1037,01-12-2021 15:55:40.043950,0.8906662
1038,01-12-2021 15:55:40.950240,0.9062919
1039,01-12-2021 15:55:41.887780,0.9375434
1040,01-12-2021 15:55:42.825330,0.9375434
1041,01-12-2021 15:55:43.637860,0.8125377
1042,01-12-2021 15:55:44.434780,0.796912
1043,01-12-2021 15:55:45.262940,0.8281634
1044,01-12-2021 15:55:46.044220,0.781286
1045,01-12-2021 15:55:46.888010,0.843789
1046,01-12-2021 15:55:47.747430,0.8594148
1047,01-12-2021 15:55:48.653720,0.9062919
1048,01-12-2021 15:55:49.560010,0.9062919
1049,01-12-2021 15:55:50.481930,0.9219177
1050,01-12-2021 15:55:51.388220,0.9062919
1051,01-12-2021 15:55:52.216390,0.8281634
1052,01-12-2021 15:55:53.044550,0.8281634
1053,01-12-2021 15:55:53.872710,0.8281634
1054,01-12-2021 15:55:54.638370,0.7656605
1055,01-12-2021 15:55:55.450910,0.8125377
1056,01-12-2021 15:55:56.263450,0.8125374
1057,01-12-2021 15:55:57.091610,0.8281634
1058,01-12-2021 15:55:58.044780,0.9531691
1059,01-12-2021 15:55:58.997950,0.9531693
1060,01-12-2021 15:55:59.857360,0.8594148
1061,01-12-2021 15:56:00.763660,0.9062919
1062,01-12-2021 15:56:01.623070,0.8594148
1063,01-12-2021 15:56:08.373380,0.8281634
1064,01-12-2021 15:56:09.310930,0.9375434
1065,01-12-2021 15:56:10.139090,0.8281634
1066,01-12-2021 15:56:10.936000,0.796912
1067,01-12-2021 15:56:11.779790,0.843789
1068,01-12-2021 15:56:12.576700,0.7969117
1069,01-12-2021 15:56:13.389240,0.8125377
1070,01-12-2021 15:56:14.186150,0.796912
1071,01-12-2021 15:56:14.998690,0.8125377
1072,01-12-2021 15:56:15.795600,0.796912
1073,01-12-2021 15:56:16.608140,0.8125374
1074,01-12-2021 15:56:17.436300,0.8281634
1075,01-12-2021 15:56:18.326970,0.8906662
1076,01-12-2021 15:56:19.186380,0.8594148
1077,01-12-2021 15:56:20.030170,0.843789
1078,01-12-2021 15:56:20.936470,0.9062919
1079,01-12-2021 15:56:21.842760,0.9062919
1080,01-12-2021 15:56:22.749050,0.9062919
1081,01-12-2021 15:56:28.499320,0.8281634
1082,01-12-2021 15:56:29.358730,0.8594148
1083,01-12-2021 15:56:40.312360,0.7500348
1084,01-12-2021 15:56:41.046770,0.7344091
1085,01-12-2021 15:56:41.765560,0.7187831
1086,01-12-2021 15:56:42.484340,0.7187833
1087,01-12-2021 15:56:43.250000,0.7656605
1088,01-12-2021 15:56:44.015660,0.7656602
1089,01-12-2021 15:56:44.765690,0.7500348
1090,01-12-2021 15:56:45.546980,0.7812862
1091,01-12-2021 15:56:46.375140,0.8281634
1092,01-12-2021 15:56:47.312690,0.9375434
1093,01-12-2021 15:56:48.172100,0.8594148
1094,01-12-2021 15:56:49.047140,0.8750405
1095,01-12-2021 15:56:49.984690,0.9375434
1096,01-12-2021 15:56:50.890980,0.9062919
1097,01-12-2021 15:56:51.797270,0.9062919
1098,01-12-2021 15:56:52.672310,0.8750405
1099,01-12-2021 15:56:53.469220,0.796912
1100,01-12-2021 15:56:54.281760,0.8125377
1101,01-12-2021 15:56:55.094300,0.8125374
1102,01-12-2021 15:56:55.953710,0.8594148
1103,01-12-2021 15:56:56.922510,0.9687948
1104,01-12-2021 15:56:57.922550,1.000046
1105,01-12-2021 15:56:58.844470,0.9219177
1106,01-12-2021 15:56:59.813270,0.9687948
1107,01-12-2021 15:57:00.766440,0.9531691
1108,01-12-2021 15:57:01.672730,0.9062919
1109,01-12-2021 15:57:02.579020,0.9062919
1110,01-12-2021 15:57:03.532190,0.9531691
1111,01-12-2021 15:57:04.500980,0.9687951
1112,01-12-2021 15:57:05.407280,0.9062919
1113,01-12-2021 15:57:06.313570,0.9062919
1114,01-12-2021 15:57:07.266740,0.9531691
1115,01-12-2021 15:57:08.157400,0.8906662
1116,01-12-2021 15:57:09.016820,0.8594148
1117,01-12-2021 15:57:09.891860,0.8750405
1118,01-12-2021 15:57:10.751270,0.8594148
1119,01-12-2021 15:57:11.595060,0.843789
1120,01-12-2021 15:57:12.454480,0.8594148
1121,01-12-2021 15:57:13.267010,0.8125374
1122,01-12-2021 15:57:14.095180,0.8281634
1123,01-12-2021 15:57:14.954590,0.8594148
1124,01-12-2021 15:57:15.814010,0.8594148
1125,01-12-2021 15:57:16.735930,0.9219177
1126,01-12-2021 15:57:17.673470,0.9375434
1127,01-12-2021 15:57:18.657890,0.9844208
1128,01-12-2021 15:57:19.532930,0.8750405
1129,01-12-2021 15:57:20.454850,0.9219177
1130,01-12-2021 15:57:21.376770,0.9219177
1131,01-12-2021 15:57:22.283060,0.9062919
1132,01-12-2021 15:57:23.173720,0.8906662
1133,01-12-2021 15:57:23.986260,0.8125377
1134,01-12-2021 15:57:24.845680,0.8594148
1135,01-12-2021 15:57:25.673840,0.8281631
1136,01-12-2021 15:57:26.470750,0.796912
1137,01-12-2021 15:57:34.689880,0.6875319
1138,01-12-2021 15:57:35.221160,0.5312746
1139,01-12-2021 15:57:56.737780,0.6094034
1140,01-12-2021 15:57:57.394060,0.6562803
1141,01-12-2021 15:57:58.019090,0.6250288
1142,01-12-2021 15:57:58.644120,0.6250291
1143,01-12-2021 15:57:59.347270,0.7031574
1144,01-12-2021 15:58:00.112930,0.7656605
1145,01-12-2021 15:58:00.816090,0.7031577
1146,01-12-2021 15:58:01.550500,0.7344089
1147,01-12-2021 15:58:02.284910,0.7344091
1148,01-12-2021 15:58:02.988070,0.7031577
1149,01-12-2021 15:58:03.691220,0.7031574
1150,01-12-2021 15:58:04.425630,0.7344091
1151,01-12-2021 15:58:05.144420,0.7187833
1152,01-12-2021 15:58:05.925700,0.781286
1153,01-12-2021 15:58:06.613240,0.6875319
1154,01-12-2021 15:58:07.457020,0.843789
1155,01-12-2021 15:58:08.238310,0.7812862
1156,01-12-2021 15:58:09.019600,0.781286
1157,01-12-2021 15:58:09.738380,0.7187833
1158,01-12-2021 15:58:10.441540,0.7031577
1159,01-12-2021 15:58:11.066570,0.6250288
1160,01-12-2021 15:58:11.738470,0.671906
1161,01-12-2021 15:58:12.504130,0.7656605
1162,01-12-2021 15:58:13.207290,0.7031577
1163,01-12-2021 15:58:24.754700,0.5937774
1164,01-12-2021 15:58:46.224440,0.562526
1165,01-12-2021 15:58:46.833850,0.6094034
1166,01-12-2021 15:58:47.427630,0.5937774
1167,01-12-2021 15:58:48.021400,0.5937774
1168,01-12-2021 15:58:48.630810,0.6094034
1169,01-12-2021 15:58:49.240210,0.6094031
1170,01-12-2021 15:58:49.849610,0.6094034
1171,01-12-2021 15:58:50.459020,0.6094031
1172,01-12-2021 15:58:51.130920,0.671906
1173,01-12-2021 15:58:51.802830,0.6719062
1174,01-12-2021 15:58:52.474730,0.6719062
1175,01-12-2021 15:58:53.162270,0.6875317
1176,01-12-2021 15:58:53.865420,0.7031577
1177,01-12-2021 15:58:54.584210,0.7187831
1178,01-12-2021 15:58:55.287360,0.7031577
1179,01-12-2021 15:58:56.021770,0.7344091
1180,01-12-2021 15:58:56.771810,0.7500346
1181,01-12-2021 15:58:57.506220,0.7344091
1182,01-12-2021 15:58:58.240630,0.7344091
1183,01-12-2021 15:58:59.021910,0.781286
1184,01-12-2021 15:58:59.787570,0.7656605
1185,01-12-2021 15:59:00.568860,0.7812862
1186,01-12-2021 15:59:01.365770,0.796912
1187,01-12-2021 15:59:02.209560,0.8437889
1188,01-12-2021 15:59:02.990850,0.7812862
1189,01-12-2021 15:59:03.709630,0.7187833
1190,01-12-2021 15:59:13.444460,0.7656605
1191,01-12-2021 15:59:14.163240,0.7187831
1192,01-12-2021 15:59:14.788270,0.6250291
1193,01-12-2021 15:59:15.475800,0.6875317
1194,01-12-2021 15:59:16.225830,0.7500348
1195,01-12-2021 15:59:16.913370,0.6875319
1196,01-12-2021 15:59:17.679030,0.7656602
1197,01-12-2021 15:59:18.554070,0.8750405
1198,01-12-2021 15:59:19.429110,0.8750405
1199,01-12-2021 15:59:20.335400,0.9062919
1200,01-12-2021 15:59:21.210440,0.8750405
1201,01-12-2021 15:59:22.101110,0.8906662
1202,01-12-2021 15:59:22.976150,0.8750405
1203,01-12-2021 15:59:23.773060,0.796912
1204,01-12-2021 15:59:24.601220,0.8281634
1205,01-12-2021 15:59:25.445010,0.843789
1206,01-12-2021 15:59:26.288800,0.843789
1207,01-12-2021 15:59:27.320100,1.031298
1208,01-12-2021 15:59:31.148400,0.796912
1209,01-12-2021 15:59:31.992190,0.843789
1210,01-12-2021 15:59:32.804730,0.8125377
1211,01-12-2021 15:59:33.601640,0.7969117
1212,01-12-2021 15:59:34.398550,0.796912
1213,01-12-2021 15:59:46.414730,0.8281634
1214,01-12-2021 15:59:47.211640,0.796912
1215,01-12-2021 15:59:48.008560,0.796912
1216,01-12-2021 15:59:48.821090,0.8125377
1217,01-12-2021 15:59:49.680510,0.8594148
1218,01-12-2021 15:59:50.430540,0.7500346
1219,01-12-2021 15:59:51.196200,0.7656605
1220,01-12-2021 15:59:51.961860,0.7656605
1221,01-12-2021 15:59:52.696270,0.7344091
1222,01-12-2021 15:59:53.383810,0.6875317
1223,01-12-2021 15:59:54.118210,0.7344091
1224,01-12-2021 15:59:54.977630,0.8594148
1225,01-12-2021 15:59:55.758910,0.781286
1226,01-12-2021 15:59:56.633960,0.8750405
1227,01-12-2021 16:00:01.696690,0.7812862
1228,01-12-2021 16:00:02.571730,0.8750405
1229,01-12-2021 16:00:03.431150,0.8594148
1230,01-12-2021 16:00:04.228060,0.796912
1231,01-12-2021 16:00:05.071850,0.8437889
1232,01-12-2021 16:00:05.853130,0.7812862
1233,01-12-2021 16:00:06.728170,0.8750405
1234,01-12-2021 16:00:07.650090,0.9219177
1235,01-12-2021 16:00:08.478250,0.8281634
1236,01-12-2021 16:00:09.353290,0.8750405
1237,01-12-2021 16:00:10.181460,0.8281634
1238,01-12-2021 16:00:11.072120,0.8906662
1239,01-12-2021 16:00:11.915910,0.843789
1240,01-12-2021 16:00:12.884710,0.9687948
1241,01-12-2021 16:00:13.869130,0.9844205
1242,01-12-2021 16:00:14.728540,0.8594148
1243,01-12-2021 16:00:15.556710,0.8281634
1244,01-12-2021 16:00:16.416120,0.8594148
1245,01-12-2021 16:00:17.291160,0.8750405
1246,01-12-2021 16:00:18.181830,0.8906662
1247,01-12-2021 16:00:19.291260,1.109426
1248,01-12-2021 16:00:20.260050,0.9687948
1249,01-12-2021 16:00:21.181970,0.9219177
1250,01-12-2021 16:00:22.103890,0.9219177
1251,01-12-2021 16:00:23.041430,0.9375434
1252,01-12-2021 16:00:23.885220,0.843789
1253,01-12-2021 16:00:24.869640,0.9844205
1254,01-12-2021 16:00:25.854060,0.9844205
1255,01-12-2021 16:00:26.697850,0.843789
1256,01-12-2021 16:00:27.572890,0.8750405
1257,01-12-2021 16:00:28.432300,0.8594148
1258,01-12-2021 16:00:29.322970,0.8906662
1259,01-12-2021 16:00:30.260510,0.9375434
1260,01-12-2021 16:00:31.229310,0.9687951
1261,01-12-2021 16:00:32.135600,0.9062919
1262,01-12-2021 16:00:33.041890,0.9062919
1263,01-12-2021 16:00:33.979440,0.9375434
1264,01-12-2021 16:00:34.838850,0.8594148
1265,01-12-2021 16:00:35.745140,0.9062919
1266,01-12-2021 16:00:36.682690,0.9375434
1267,01-12-2021 16:00:37.573350,0.8906662
1268,01-12-2021 16:00:38.479640,0.9062919
1269,01-12-2021 16:00:39.448440,0.9687948
1270,01-12-2021 16:00:40.432860,0.9844205
1271,01-12-2021 16:00:41.307900,0.8750405
1272,01-12-2021 16:00:42.229820,0.9219177
1273,01-12-2021 16:00:43.182990,0.9531693
1274,01-12-2021 16:00:44.073650,0.8906662
1275,01-12-2021 16:00:44.995570,0.9219177
1276,01-12-2021 16:00:45.964370,0.9687948
1277,01-12-2021 16:00:46.917530,0.9531691
1278,01-12-2021 16:00:47.823830,0.9062919
1279,01-12-2021 16:00:48.730120,0.9062919
1280,01-12-2021 16:00:49.558280,0.8281634
1281,01-12-2021 16:00:50.402070,0.843789
1282,01-12-2021 16:00:51.355240,0.9531691
1283,01-12-2021 16:00:52.199030,0.843789
1284,01-12-2021 16:00:53.074070,0.8750405
1285,01-12-2021 16:00:53.995990,0.9219177
1286,01-12-2021 16:00:54.839780,0.843789
1287,01-12-2021 16:00:55.667940,0.8281634
1288,01-12-2021 16:00:56.527350,0.8594148
1289,01-12-2021 16:00:57.449270,0.9219177
1290,01-12-2021 16:00:58.339940,0.8906662
1291,01-12-2021 16:00:59.214980,0.8750405
1292,01-12-2021 16:01:00.105650,0.8906662
1293,01-12-2021 16:01:00.965060,0.8594148
1294,01-12-2021 16:01:01.730720,0.7656602
1295,01-12-2021 16:01:02.496380,0.7656605
1296,01-12-2021 16:01:03.262040,0.7656605
1297,01-12-2021 16:01:04.090200,0.8281634
1298,01-12-2021 16:01:04.887120,0.796912
1299,01-12-2021 16:01:05.762160,0.8750405
1300,01-12-2021 16:01:06.668450,0.9062919
1301,01-12-2021 16:01:07.559120,0.8906662
1302,01-12-2021 16:01:08.387280,0.8281634
1303,01-12-2021 16:01:09.215440,0.8281631
1304,01-12-2021 16:01:10.090480,0.8750405
1305,01-12-2021 16:01:11.012400,0.9219177
1306,01-12-2021 16:01:11.856190,0.843789
1307,01-12-2021 16:01:12.715600,0.8594148
1308,01-12-2021 16:01:13.606270,0.8906662
1309,01-12-2021 16:01:14.481310,0.8750405
1310,01-12-2021 16:01:15.278220,0.796912
1311,01-12-2021 16:01:16.200140,0.9219177
1312,01-12-2021 16:01:17.028300,0.8281634
1313,01-12-2021 16:01:17.872090,0.843789
1314,01-12-2021 16:01:18.825260,0.9531691
1315,01-12-2021 16:01:19.794060,0.9687948
1316,01-12-2021 16:01:20.637850,0.843789
1317,01-12-2021 16:01:21.559760,0.9219177
1318,01-12-2021 16:01:22.637940,1.078175
1319,01-12-2021 16:01:23.731740,1.093801
1320,01-12-2021 16:01:24.716160,0.9844205
1321,01-12-2021 16:01:25.747460,1.031298
1322,01-12-2021 16:01:26.825630,1.078175
1323,01-12-2021 16:01:27.841300,1.015672
1324,01-12-2021 16:01:28.903850,1.062549
1325,01-12-2021 16:01:29.997650,1.093801
1326,01-12-2021 16:01:31.091460,1.093801
1327,01-12-2021 16:01:32.107130,1.015672
1328,01-12-2021 16:01:33.185300,1.078175
1329,01-12-2021 16:01:34.263480,1.078175
1330,01-12-2021 16:01:35.263520,1.000046
1331,01-12-2021 16:01:36.169820,0.9062919
1332,01-12-2021 16:01:37.169860,1.000046
1333,01-12-2021 16:01:38.232410,1.062549
1334,01-12-2021 16:01:39.232460,1.000046
1335,01-12-2021 16:01:40.326260,1.093801
1336,01-12-2021 16:01:41.357560,1.031298
1337,01-12-2021 16:01:42.310720,0.9531691
1338,01-12-2021 16:01:43.201390,0.8906662
1339,01-12-2021 16:01:44.076430,0.8750405
1340,01-12-2021 16:01:44.888970,0.8125377
1341,01-12-2021 16:01:45.639000,0.7500348
1342,01-12-2021 16:01:46.482790,0.843789
1343,01-12-2021 16:01:47.264080,0.781286
1344,01-12-2021 16:01:48.014110,0.7500348
1345,01-12-2021 16:01:48.811030,0.796912
1346,01-12-2021 16:01:49.545430,0.7344089
1347,01-12-2021 16:01:50.264220,0.7187833
1348,01-12-2021 16:01:51.061130,0.796912
1349,01-12-2021 16:01:51.811160,0.7500348
1350,01-12-2021 16:01:52.576830,0.7656602
1351,01-12-2021 16:01:53.342490,0.7656605
1352,01-12-2021 16:01:54.108150,0.7656605
1353,01-12-2021 16:01:54.858180,0.7500346
1354,01-12-2021 16:01:55.608220,0.7500348
1355,01-12-2021 16:01:56.373880,0.7656605
1356,01-12-2021 16:01:57.092660,0.7187833
1357,01-12-2021 16:01:57.795820,0.7031574
1358,01-12-2021 16:01:58.530230,0.7344091
1359,01-12-2021 16:01:59.280260,0.7500346
1360,01-12-2021 16:01:59.983420,0.7031577
1361,01-12-2021 16:02:00.764700,0.7812862
1362,01-12-2021 16:02:01.530360,0.7656605
1363,01-12-2021 16:02:02.280400,0.7500346
1364,01-12-2021 16:02:02.983560,0.7031577
1365,01-12-2021 16:02:03.702340,0.7187831
1366,01-12-2021 16:02:04.374250,0.6719062
1367,01-12-2021 16:02:05.093030,0.7187833
1368,01-12-2021 16:02:05.811810,0.7187831
1369,01-12-2021 16:02:06.530600,0.7187833
1370,01-12-2021 16:02:07.218130,0.6875317
1371,01-12-2021 16:02:08.046290,0.8281634
1372,01-12-2021 16:02:08.702570,0.6562805
1373,01-12-2021 16:02:09.624490,0.9219177
1374,01-12-2021 16:02:10.390150,0.7656605
1375,01-12-2021 16:02:11.265190,0.8750405
1376,01-12-2021 16:02:11.999600,0.7344089
1377,01-12-2021 16:02:12.827760,0.8281634
1378,01-12-2021 16:02:13.609050,0.7812862
1379,01-12-2021 16:02:14.390340,0.7812862
1380,01-12-2021 16:02:15.140370,0.7500346
1381,01-12-2021 16:02:15.984160,0.843789
1382,01-12-2021 16:02:16.874830,0.8906662
1383,01-12-2021 16:02:17.687360,0.8125377
1384,01-12-2021 16:02:18.546780,0.8594148
1385,01-12-2021 16:02:19.484320,0.9375434
1386,01-12-2021 16:02:20.296860,0.8125377
1387,01-12-2021 16:02:21.093770,0.796912
1388,01-12-2021 16:02:21.921930,0.8281634
1389,01-12-2021 16:02:22.843850,0.9219177
1390,01-12-2021 16:02:23.765770,0.9219177
1391,01-12-2021 16:02:24.578310,0.8125377
1392,01-12-2021 16:02:25.437720,0.8594148
1393,01-12-2021 16:02:26.515900,1.078175
1394,01-12-2021 16:02:27.437810,0.9219177
1395,01-12-2021 16:02:28.375360,0.9375434
1396,01-12-2021 16:02:29.312900,0.9375434
1397,01-12-2021 16:02:30.203570,0.8906662
1398,01-12-2021 16:02:31.141110,0.9375434
1399,01-12-2021 16:02:32.141160,1.000046
1400,01-12-2021 16:02:32.906820,0.7656602
1401,01-12-2021 16:02:33.813110,0.9062919
1402,01-12-2021 16:02:34.688150,0.8750405
1403,01-12-2021 16:02:35.485060,0.796912
1404,01-12-2021 16:02:36.344480,0.8594148
1405,01-12-2021 16:02:37.266390,0.9219177
1406,01-12-2021 16:02:38.172690,0.9062919
1407,01-12-2021 16:02:39.063350,0.8906662
1408,01-12-2021 16:02:40.063400,1.000046
1409,01-12-2021 16:02:40.907190,0.843789
1410,01-12-2021 16:02:41.719730,0.8125374
1411,01-12-2021 16:02:42.532260,0.8125377
1412,01-12-2021 16:02:43.376050,0.843789
1413,01-12-2021 16:02:44.313600,0.9375434
1414,01-12-2021 16:02:45.251140,0.9375434
1415,01-12-2021 16:02:46.282440,1.031298
1416,01-12-2021 16:02:47.360610,1.078175
1417,01-12-2021 16:02:48.329410,0.9687948
1418,01-12-2021 16:02:49.329450,1.000046
1419,01-12-2021 16:02:50.345130,1.015672
1420,01-12-2021 16:02:51.313920,0.9687948
1421,01-12-2021 16:02:52.267090,0.9531691
1422,01-12-2021 16:02:53.298390,1.031298
1423,01-12-2021 16:02:54.329690,1.031298
1424,01-12-2021 16:02:55.282850,0.9531691
1425,01-12-2021 16:02:56.298530,1.015672
1426,01-12-2021 16:02:57.361080,1.062549
1427,01-12-2021 16:02:58.329870,0.9687948
1428,01-12-2021 16:02:59.220540,0.8906662
1429,01-12-2021 16:03:00.189330,0.9687948
1430,01-12-2021 16:03:01.142500,0.9531691
1431,01-12-2021 16:03:01.986290,0.843789
1432,01-12-2021 16:03:02.783200,0.796912
1433,01-12-2021 16:03:03.533240,0.7500348
1434,01-12-2021 16:03:04.298900,0.7656602
1435,01-12-2021 16:03:05.127060,0.8281634
1436,01-12-2021 16:03:06.002100,0.8750405
1437,01-12-2021 16:03:06.970900,0.9687948
1438,01-12-2021 16:03:07.830310,0.8594148
1439,01-12-2021 16:03:08.689730,0.8594148
1440,01-12-2021 16:03:09.517890,0.8281634
1441,01-12-2021 16:03:10.299170,0.7812862
1442,01-12-2021 16:03:11.111710,0.8125377
1443,01-12-2021 16:03:11.752370,0.6406546
1444,01-12-2021 16:03:12.533650,0.7812862
1445,01-12-2021 16:03:13.143060,0.6094031
1446,01-12-2021 16:03:13.846210,0.7031577
1447,01-12-2021 16:03:14.565000,0.7187833
1448,01-12-2021 16:03:15.299410,0.7344089
1449,01-12-2021 16:03:16.033820,0.7344091
1450,01-12-2021 16:03:16.846350,0.8125377
1451,01-12-2021 16:03:17.627640,0.781286
1452,01-12-2021 16:03:18.471430,0.843789
1453,01-12-2021 16:03:19.299590,0.8281634
1454,01-12-2021 16:03:20.080880,0.7812862
1455,01-12-2021 16:03:20.846540,0.7656605
1456,01-12-2021 16:03:21.596570,0.7500346
1457,01-12-2021 16:03:22.518490,0.9219179
1458,01-12-2021 16:03:23.393530,0.8750404
1459,01-12-2021 16:03:24.206070,0.8125377
1460,01-12-2021 16:03:25.018610,0.8125377
1461,01-12-2021 16:03:25.846770,0.8281634
1462,01-12-2021 16:03:26.721810,0.8750405
1463,01-12-2021 16:03:27.628100,0.9062919
1464,01-12-2021 16:03:28.471890,0.843789
1465,01-12-2021 16:03:29.315680,0.843789
1466,01-12-2021 16:03:30.190720,0.8750405
1467,01-12-2021 16:03:31.112640,0.9219177
1468,01-12-2021 16:03:31.972050,0.8594148
1469,01-12-2021 16:03:32.847090,0.8750405
1470,01-12-2021 16:03:33.784640,0.9375434
1471,01-12-2021 16:03:34.690930,0.9062919
1472,01-12-2021 16:03:35.597220,0.9062919
1473,01-12-2021 16:03:36.612890,1.015672
1474,01-12-2021 16:03:37.597310,0.9844208
1475,01-12-2021 16:03:38.519230,0.9219177
1476,01-12-2021 16:03:39.456780,0.9375434
1477,01-12-2021 16:03:40.441200,0.9844205
1478,01-12-2021 16:03:41.316240,0.8750405
1479,01-12-2021 16:03:47.066500,0.6562805
1480,01-12-2021 16:03:47.691530,0.6250288
1481,01-12-2021 16:03:48.316560,0.6250291
1482,01-12-2021 16:03:48.988470,0.671906
1483,01-12-2021 16:03:49.566620,0.5781519
1484,01-12-2021 16:03:50.238520,0.671906
1485,01-12-2021 16:03:50.957310,0.7187833
1486,01-12-2021 16:03:51.691720,0.7344089
1487,01-12-2021 16:03:57.879500,0.8750405
1488,01-12-2021 16:03:58.645160,0.7656605
1489,01-12-2021 16:03:59.410820,0.7656605
1490,01-12-2021 16:04:00.145230,0.7344089
1491,01-12-2021 16:04:01.129650,0.9844208
1492,01-12-2021 16:04:02.160950,1.031298
1493,01-12-2021 16:04:03.082870,0.9219177
1494,01-12-2021 16:04:04.036040,0.9531691
1495,01-12-2021 16:04:04.942330,0.9062919
1496,01-12-2021 16:04:05.707990,0.7656605
1497,01-12-2021 16:04:06.473650,0.7656605
1498,01-12-2021 16:04:07.317440,0.843789
1499,01-12-2021 16:04:08.036220,0.7187831
1500,01-12-2021 16:04:08.739380,0.7031577
1501,01-12-2021 16:04:09.473790,0.7344091
1502,01-12-2021 16:04:10.208200,0.7344089
1503,01-12-2021 16:04:10.958230,0.7500348
1504,01-12-2021 16:04:11.723890,0.7656605
1505,01-12-2021 16:04:12.473930,0.7500346
1506,01-12-2021 16:04:13.239590,0.7656605
1507,01-12-2021 16:04:13.974000,0.7344091
1508,01-12-2021 16:04:14.708410,0.7344089
1509,01-12-2021 16:04:15.458440,0.7500348
1510,01-12-2021 16:04:16.302230,0.843789
1511,01-12-2021 16:04:17.099140,0.796912
1512,01-12-2021 16:04:17.927310,0.8281634
1513,01-12-2021 16:04:18.771100,0.843789
1514,01-12-2021 16:04:19.599260,0.8281631
1515,01-12-2021 16:04:20.396170,0.796912
1516,01-12-2021 16:04:21.255590,0.8594148
1517,01-12-2021 16:04:22.146250,0.8906662
1518,01-12-2021 16:04:23.115050,0.9687948
1519,01-12-2021 16:04:24.052590,0.9375436
1520,01-12-2021 16:04:25.052640,1.000046
1521,01-12-2021 16:04:26.021430,0.9687948
1522,01-12-2021 16:04:26.927720,0.9062919
1523,01-12-2021 16:04:27.834020,0.9062919
1524,01-12-2021 16:04:28.802810,0.9687948
1525,01-12-2021 16:04:29.662230,0.8594148
1526,01-12-2021 16:04:30.568520,0.9062919
1527,01-12-2021 16:04:31.506060,0.9375434
1528,01-12-2021 16:04:32.427980,0.9219177
1529,01-12-2021 16:04:33.381150,0.9531693
1530,01-12-2021 16:04:34.381190,1.000046
1531,01-12-2021 16:04:35.318740,0.9375434
1532,01-12-2021 16:04:36.225030,0.9062919
1533,01-12-2021 16:04:37.146950,0.9219177
1534,01-12-2021 16:04:38.037610,0.8906662
1535,01-12-2021 16:04:38.959530,0.9219177
1536,01-12-2021 16:04:39.975200,1.015672
1537,01-12-2021 16:04:40.912750,0.9375436
1538,01-12-2021 16:04:41.850290,0.9375434
1539,01-12-2021 16:04:42.819080,0.9687948
1540,01-12-2021 16:04:43.662870,0.843789
1541,01-12-2021 16:04:44.491040,0.8281634
1542,01-12-2021 16:04:45.272320,0.781286
1543,01-12-2021 16:04:46.084860,0.8125377
1544,01-12-2021 16:04:46.819270,0.7344091
1545,01-12-2021 16:04:47.522430,0.7031577
1546,01-12-2021 16:04:48.241210,0.7187831
1547,01-12-2021 16:04:49.022500,0.7812862
1548,01-12-2021 16:04:49.835030,0.8125377
1549,01-12-2021 16:04:50.631950,0.796912
1550,01-12-2021 16:04:51.491360,0.8594146
1551,01-12-2021 16:04:52.366400,0.8750405
1552,01-12-2021 16:04:53.194570,0.8281634
1553,01-12-2021 16:04:54.053980,0.8594148
1554,01-12-2021 16:04:54.850890,0.796912
1555,01-12-2021 16:04:55.600930,0.7500348
1556,01-12-2021 16:04:56.382210,0.7812862
1557,01-12-2021 16:04:57.194750,0.8125374
1558,01-12-2021 16:04:58.069790,0.8750405
1559,01-12-2021 16:04:59.022960,0.9531691
1560,01-12-2021 16:05:00.085510,1.062549
1561,01-12-2021 16:05:01.054300,0.9687948
1562,01-12-2021 16:05:01.866840,0.8125377
1563,01-12-2021 16:05:02.663750,0.796912
1564,01-12-2021 16:05:03.616920,0.9531691
1565,01-12-2021 16:05:04.523210,0.9062919
1566,01-12-2021 16:05:05.367000,0.843789
1567,01-12-2021 16:05:06.288920,0.9219177
1568,01-12-2021 16:05:07.179590,0.8906662
1569,01-12-2021 16:05:08.007750,0.8281634
1570,01-12-2021 16:05:08.851540,0.843789
1571,01-12-2021 16:05:09.710960,0.8594148
1572,01-12-2021 16:05:10.507870,0.7969117
1573,01-12-2021 16:05:11.304780,0.796912
1574,01-12-2021 16:05:12.101690,0.796912
1575,01-12-2021 16:05:12.804850,0.7031577
1576,01-12-2021 16:05:13.570510,0.7656602
1577,01-12-2021 16:05:14.289290,0.7187833
1578,01-12-2021 16:05:15.164330,0.8750405
1579,01-12-2021 16:05:15.898740,0.7344091
1580,01-12-2021 16:05:16.773780,0.8750405
1581,01-12-2021 16:05:17.508190,0.7344089
1582,01-12-2021 16:05:18.289480,0.7812862
1583,01-12-2021 16:05:19.070760,0.7812862
1584,01-12-2021 16:05:19.852050,0.7812862
1585,01-12-2021 16:05:20.773970,0.9219177
1586,01-12-2021 16:05:21.617760,0.843789
1587,01-12-2021 16:05:22.570930,0.9531691
1588,01-12-2021 16:05:23.477220,0.9062919
1589,01-12-2021 16:05:24.352260,0.8750405
1590,01-12-2021 16:05:25.211670,0.8594148
1591,01-12-2021 16:05:26.008580,0.7969117
1592,01-12-2021 16:05:26.789870,0.7812862
1593,01-12-2021 16:05:27.649290,0.8594148
1594,01-12-2021 16:05:28.493070,0.843789
1595,01-12-2021 16:05:29.414990,0.9219177
1596,01-12-2021 16:05:30.258780,0.843789
1597,01-12-2021 16:05:31.133820,0.8750405
1598,01-12-2021 16:05:32.055740,0.9219177
1599,01-12-2021 16:05:33.040160,0.9844205
1600,01-12-2021 16:05:33.837070,0.796912
1601,01-12-2021 16:05:34.696490,0.8594148
1602,01-12-2021 16:05:35.493400,0.796912
1603,01-12-2021 16:05:36.352810,0.8594148
1604,01-12-2021 16:05:37.180980,0.8281634
1605,01-12-2021 16:05:38.149770,0.9687948
1606,01-12-2021 16:05:39.149820,1.000046
1607,01-12-2021 16:05:40.102990,0.9531691
1608,01-12-2021 16:05:41.071780,0.9687948
1609,01-12-2021 16:05:42.103080,1.031298
1610,01-12-2021 16:05:43.056250,0.9531691
1611,01-12-2021 16:05:43.946920,0.8906662
1612,01-12-2021 16:05:44.946960,1.000046
1613,01-12-2021 16:05:45.868880,0.9219177
1614,01-12-2021 16:05:46.743920,0.8750405
1615,01-12-2021 16:05:47.728340,0.9844208
1616,01-12-2021 16:05:48.712760,0.9844205
1617,01-12-2021 16:05:49.665930,0.9531691
1618,01-12-2021 16:05:50.650350,0.9844205
1619,01-12-2021 16:05:51.666020,1.015672
1620,01-12-2021 16:05:52.619190,0.9531693
1621,01-12-2021 16:05:53.587990,0.9687948
1622,01-12-2021 16:05:54.588030,1.000046
1623,01-12-2021 16:05:55.619330,1.031298
1624,01-12-2021 16:05:56.556870,0.9375434
1625,01-12-2021 16:05:57.525670,0.9687951
1626,01-12-2021 16:05:58.572590,1.046923
1627,01-12-2021 16:05:59.557010,0.9844205
1628,01-12-2021 16:06:00.572690,1.015672
1629,01-12-2021 16:06:01.619610,1.046923
1630,01-12-2021 16:06:02.650910,1.031298
1631,01-12-2021 16:06:03.619700,0.9687948
1632,01-12-2021 16:06:07.651140,0.8281634
1633,01-12-2021 16:06:08.666810,1.015672
1634,01-12-2021 16:06:09.635610,0.9687948
1635,01-12-2021 16:06:10.526270,0.8906662
1636,01-12-2021 16:06:11.588820,1.062549
1637,01-12-2021 16:06:12.495110,0.9062919
1638,01-12-2021 16:06:13.370150,0.8750405
1639,01-12-2021 16:06:14.276450,0.9062919
1640,01-12-2021 16:06:15.229610,0.9531693
1641,01-12-2021 16:06:16.198410,0.9687948
1642,01-12-2021 16:06:17.042200,0.843789
1643,01-12-2021 16:06:17.995370,0.9531691
1644,01-12-2021 16:06:18.854780,0.8594148
1645,01-12-2021 16:06:19.698570,0.843789
1646,01-12-2021 16:06:20.526730,0.8281634
1647,01-12-2021 16:06:21.354900,0.8281631
1648,01-12-2021 16:06:22.120560,0.7656605
1649,01-12-2021 16:06:22.979970,0.8594148
1650,01-12-2021 16:06:23.886270,0.9062919
1651,01-12-2021 16:06:24.855060,0.9687948
1652,01-12-2021 16:06:25.651970,0.796912
1653,01-12-2021 16:06:26.464510,0.8125377
1654,01-12-2021 16:06:27.183290,0.7187833
1655,01-12-2021 16:06:27.948950,0.7656602
1656,01-12-2021 16:06:28.667740,0.7187833
1657,01-12-2021 16:06:29.386520,0.7187833
1658,01-12-2021 16:06:30.167810,0.781286
1659,01-12-2021 16:06:30.995970,0.8281634
1660,01-12-2021 16:06:31.871010,0.8750405
1661,01-12-2021 16:06:32.855430,0.9844205
1662,01-12-2021 16:06:33.824230,0.9687951
1663,01-12-2021 16:06:34.730520,0.9062919
1664,01-12-2021 16:06:35.636810,0.9062919
1665,01-12-2021 16:06:36.511850,0.8750405
1666,01-12-2021 16:06:37.355640,0.843789
1667,01-12-2021 16:06:38.168180,0.8125374
1668,01-12-2021 16:06:39.011970,0.843789
1669,01-12-2021 16:06:39.887010,0.8750405
1670,01-12-2021 16:06:40.746420,0.8594148
1671,01-12-2021 16:06:41.699590,0.9531691
1672,01-12-2021 16:06:42.715260,1.015672
1673,01-12-2021 16:06:43.559050,0.843789
1674,01-12-2021 16:06:44.418470,0.8594148
1675,01-12-2021 16:06:45.340380,0.9219177
1676,01-12-2021 16:06:46.356060,1.015672
1677,01-12-2021 16:06:47.231100,0.8750405
1678,01-12-2021 16:06:48.168640,0.9375434
1679,01-12-2021 16:06:49.168690,1.000046
1680,01-12-2021 16:06:50.106230,0.9375434
1681,01-12-2021 16:06:51.059400,0.9531693
1682,01-12-2021 16:06:52.059450,1.000046
1683,01-12-2021 16:06:53.012610,0.9531691
1684,01-12-2021 16:06:53.965780,0.9531691
1685,01-12-2021 16:06:54.997080,1.031298
1686,01-12-2021 16:06:55.919000,0.9219179
1687,01-12-2021 16:06:56.840920,0.9219177
1688,01-12-2021 16:06:57.762830,0.9219177
1689,01-12-2021 16:06:58.716000,0.9531691
1690,01-12-2021 16:06:59.622300,0.9062919
1691,01-12-2021 16:07:00.497340,0.8750405
1692,01-12-2021 16:07:01.341130,0.843789
1693,01-12-2021 16:07:02.169290,0.8281634
1694,01-12-2021 16:07:03.013080,0.843789
1695,01-12-2021 16:07:03.997500,0.9844205
1696,01-12-2021 16:07:04.966290,0.9687948
1697,01-12-2021 16:07:05.841330,0.8750405
1698,01-12-2021 16:07:06.857010,1.015672
1699,01-12-2021 16:07:07.732050,0.8750405
1700,01-12-2021 16:07:08.575830,0.843789
1701,01-12-2021 16:07:09.278990,0.7031577
1702,01-12-2021 16:07:10.107160,0.8281634
1703,01-12-2021 16:07:10.810310,0.7031574
1704,01-12-2021 16:07:11.575970,0.7656605
1705,01-12-2021 16:07:12.326010,0.7500348
1706,01-12-2021 16:07:13.060420,0.7344089
1707,01-12-2021 16:07:13.810450,0.7500348
1708,01-12-2021 16:07:14.638620,0.8281634
1709,01-12-2021 16:07:15.544910,0.9062919
1710,01-12-2021 16:07:16.404320,0.8594148
1711,01-12-2021 16:07:17.294990,0.8906662
1712,01-12-2021 16:07:18.310660,1.015672
1713,01-12-2021 16:07:19.341960,1.031298
1714,01-12-2021 16:07:20.263880,0.9219179
1715,01-12-2021 16:07:21.248300,0.9844205
1716,01-12-2021 16:07:22.248340,1.000046
1717,01-12-2021 16:07:23.201510,0.9531691
1718,01-12-2021 16:07:24.123430,0.9219177
1719,01-12-2021 16:07:25.045350,0.9219177
1720,01-12-2021 16:07:25.982890,0.9375434
1721,01-12-2021 16:07:26.857930,0.8750405
1722,01-12-2021 16:07:27.795480,0.9375436
1723,01-12-2021 16:07:28.842400,1.046923
1724,01-12-2021 16:07:29.795570,0.9531691
1725,01-12-2021 16:07:30.779990,0.9844205
1726,01-12-2021 16:07:31.780030,1.000046
1727,01-12-2021 16:07:32.717580,0.9375434
1728,01-12-2021 16:07:33.670750,0.9531691
1729,01-12-2021 16:07:34.655170,0.9844205
1730,01-12-2021 16:07:35.592710,0.9375434
1731,01-12-2021 16:07:36.624010,1.031298
1732,01-12-2021 16:07:37.686560,1.062549
1733,01-12-2021 16:07:38.670980,0.9844205
1734,01-12-2021 16:07:39.608520,0.9375434
1735,01-12-2021 16:07:40.577320,0.9687948
1736,01-12-2021 16:07:41.421110,0.843789
1737,01-12-2021 16:07:42.280520,0.8594148
1738,01-12-2021 16:07:43.124310,0.843789
1739,01-12-2021 16:07:43.952470,0.8281634
1740,01-12-2021 16:07:44.765010,0.8125377
1741,01-12-2021 16:07:45.640050,0.8750405
1742,01-12-2021 16:07:46.561970,0.9219177
1743,01-12-2021 16:07:47.358880,0.796912
1744,01-12-2021 16:07:48.233920,0.8750405
1745,01-12-2021 16:07:49.140210,0.9062919
1746,01-12-2021 16:07:50.109010,0.9687948
1747,01-12-2021 16:07:50.984050,0.8750405
1748,01-12-2021 16:07:51.859090,0.8750405
1749,01-12-2021 16:07:52.749760,0.8906662
1750,01-12-2021 16:07:59.468820,0.8750405
1751,01-12-2021 16:08:00.343860,0.8750405
1752,01-12-2021 16:08:01.312650,0.9687948
1753,01-12-2021 16:08:02.218940,0.9062919
1754,01-12-2021 16:08:03.047110,0.8281634
1755,01-12-2021 16:08:03.937770,0.8906662
1756,01-12-2021 16:08:04.922190,0.9844205
1757,01-12-2021 16:08:05.875360,0.9531693
1758,01-12-2021 16:08:06.844160,0.9687948
1759,01-12-2021 16:08:07.812950,0.9687948
1760,01-12-2021 16:08:08.750500,0.9375434
1761,01-12-2021 16:08:09.719290,0.9687948
1762,01-12-2021 16:08:10.719340,1.000046
1763,01-12-2021 16:08:11.688130,0.9687948
1764,01-12-2021 16:08:12.641300,0.9531691
1765,01-12-2021 16:08:13.625720,0.9844205
1766,01-12-2021 16:08:14.657020,1.031298
1767,01-12-2021 16:08:15.610190,0.9531693
1768,01-12-2021 16:08:16.641490,1.031298
1769,01-12-2021 16:08:17.704040,1.062549
1770,01-12-2021 16:08:18.641580,0.9375434
1771,01-12-2021 16:08:19.672880,1.031298
1772,01-12-2021 16:08:20.688550,1.015672
1773,01-12-2021 16:08:21.626090,0.9375434
1774,01-12-2021 16:08:22.548010,0.9219177
1775,01-12-2021 16:08:23.516810,0.9687948
1776,01-12-2021 16:08:24.438720,0.9219179
1777,01-12-2021 16:08:25.376270,0.9375434
1778,01-12-2021 16:08:26.235680,0.8594148
1779,01-12-2021 16:08:27.157600,0.9219177
1780,01-12-2021 16:08:28.079520,0.9219177
1781,01-12-2021 16:08:28.860800,0.781286
1782,01-12-2021 16:08:29.813970,0.9531693
1783,01-12-2021 16:08:30.798390,0.9844205
1784,01-12-2021 16:08:31.579680,0.7812862
1785,01-12-2021 16:08:32.439090,0.8594148
1786,01-12-2021 16:08:33.345390,0.9062919
1787,01-12-2021 16:08:34.189180,0.843789
1788,01-12-2021 16:08:35.017340,0.8281631
1789,01-12-2021 16:08:35.908000,0.8906662
1790,01-12-2021 16:08:36.845550,0.9375436
1791,01-12-2021 16:08:37.704960,0.8594146
1792,01-12-2021 16:08:38.580000,0.8750405
1793,01-12-2021 16:08:39.392540,0.8125377
1794,01-12-2021 16:08:40.111320,0.7187833
1795,01-12-2021 16:08:40.861360,0.7500348
1796,01-12-2021 16:08:41.611390,0.7500346
1797,01-12-2021 16:08:42.314550,0.7031577
1798,01-12-2021 16:08:43.080210,0.7656605
1799,01-12-2021 16:08:43.877120,0.7969117
1800,01-12-2021 16:08:44.674040,0.796912
1801,01-12-2021 16:08:45.455320,0.7812862
1802,01-12-2021 16:08:46.330360,0.8750405
1803,01-12-2021 16:08:47.142900,0.8125377
1804,01-12-2021 16:08:48.033570,0.8906662
1805,01-12-2021 16:08:48.861730,0.8281634
1806,01-12-2021 16:08:49.689890,0.8281634
1807,01-12-2021 16:08:50.596180,0.9062919
1808,01-12-2021 16:08:51.596230,1.000046
1809,01-12-2021 16:08:52.533770,0.9375434
1810,01-12-2021 16:08:53.533820,1.000046
1811,01-12-2021 16:08:54.486990,0.9531691
1812,01-12-2021 16:08:55.362030,0.8750405
1813,01-12-2021 16:08:56.190190,0.8281634
1814,01-12-2021 16:08:56.924600,0.7344091
1815,01-12-2021 16:08:57.768390,0.843789
1816,01-12-2021 16:08:58.612180,0.843789
1817,01-12-2021 16:08:59.502850,0.8906662
1818,01-12-2021 16:09:00.377890,0.8750405
1819,01-12-2021 16:09:01.284180,0.9062919
1820,01-12-2021 16:09:02.112340,0.8281634
1821,01-12-2021 16:09:03.003010,0.8906662
1822,01-12-2021 16:09:03.909300,0.9062919
1823,01-12-2021 16:09:04.799970,0.8906662
1824,01-12-2021 16:09:05.659380,0.8594148
1825,01-12-2021 16:09:06.581300,0.9219177
1826,01-12-2021 16:09:07.518840,0.9375434
1827,01-12-2021 16:09:08.315760,0.796912
1828,01-12-2021 16:09:09.112670,0.7969117
1829,01-12-2021 16:09:17.238040,0.6406548
1830,01-12-2021 16:09:17.863070,0.6250288
1831,01-12-2021 16:09:18.534980,0.6719062
1832,01-12-2021 16:09:19.191260,0.6562803
1833,01-12-2021 16:09:19.925670,0.7344091
1834,01-12-2021 16:09:20.722580,0.796912
1835,01-12-2021 16:09:21.441360,0.7187831
1836,01-12-2021 16:09:22.160150,0.7187833
1837,01-12-2021 16:09:22.910180,0.7500348
1838,01-12-2021 16:09:23.628960,0.7187831
1839,01-12-2021 16:09:24.410250,0.7812862
1840,01-12-2021 16:09:25.113410,0.7031577
1841,01-12-2021 16:09:25.879070,0.7656602
1842,01-12-2021 16:09:26.691610,0.8125377
1843,01-12-2021 16:09:27.582270,0.8906662
1844,01-12-2021 16:09:28.551070,0.9687948
1845,01-12-2021 16:09:29.488610,0.9375434
1846,01-12-2021 16:09:30.332400,0.843789
1847,01-12-2021 16:09:31.176190,0.843789
1848,01-12-2021 16:09:32.004350,0.8281634
1849,01-12-2021 16:09:32.770010,0.7656605
1850,01-12-2021 16:09:33.582550,0.8125377
1851,01-12-2021 16:09:34.488840,0.9062919
1852,01-12-2021 16:09:35.520140,1.031298
1853,01-12-2021 16:09:36.504560,0.9844205
1854,01-12-2021 16:09:37.473360,0.9687948
1855,01-12-2021 16:09:38.395270,0.9219179
1856,01-12-2021 16:09:39.301570,0.9062919
1857,01-12-2021 16:09:40.176610,0.8750405
1858,01-12-2021 16:09:41.004770,0.8281631
1859,01-12-2021 16:09:41.848560,0.843789
1860,01-12-2021 16:09:42.676720,0.8281634
1861,01-12-2021 16:09:43.504890,0.8281634
1862,01-12-2021 16:09:44.395550,0.8906662
1863,01-12-2021 16:09:45.364350,0.9687948
1864,01-12-2021 16:09:46.270640,0.9062919
1865,01-12-2021 16:09:47.098800,0.8281634
1866,01-12-2021 16:09:48.145730,1.046924
1867,01-12-2021 16:09:49.036390,0.8906662
1868,01-12-2021 16:09:49.895810,0.8594148
1869,01-12-2021 16:09:50.755220,0.8594146
1870,01-12-2021 16:09:51.567760,0.8125377
1871,01-12-2021 16:09:52.364670,0.796912
1872,01-12-2021 16:09:53.270960,0.9062919
1873,01-12-2021 16:09:54.130380,0.8594148
1874,01-12-2021 16:09:55.005420,0.8750405
1875,01-12-2021 16:09:56.083590,1.078175
1876,01-12-2021 16:10:00.333790,0.8281634
1877,01-12-2021 16:10:01.146330,0.8125377
1878,01-12-2021 16:10:01.943240,0.796912
1879,01-12-2021 16:10:02.958910,1.015672
1880,01-12-2021 16:10:03.865200,0.9062919
1881,01-12-2021 16:10:04.787120,0.9219177
1882,01-12-2021 16:10:05.740290,0.9531691
1883,01-12-2021 16:10:06.693460,0.9531691
1884,01-12-2021 16:10:07.584130,0.8906665
1885,01-12-2021 16:10:08.459170,0.8750404
1886,01-12-2021 16:10:09.365460,0.9062922
1887,01-12-2021 16:10:10.178000,0.8125374
1888,01-12-2021 16:10:11.037410,0.8594148
1889,01-12-2021 16:10:11.865570,0.8281634
1890,01-12-2021 16:10:12.740610,0.8750405
1891,01-12-2021 16:10:13.584400,0.843789
1892,01-12-2021 16:10:14.459440,0.8750405
1893,01-12-2021 16:10:15.271980,0.8125377
1894,01-12-2021 16:10:16.115770,0.843789
1895,01-12-2021 16:10:16.990810,0.8750405
1896,01-12-2021 16:10:17.772100,0.7812862
1897,01-12-2021 16:10:18.615890,0.8437889
1898,01-12-2021 16:10:19.506550,0.8906662
1899,01-12-2021 16:10:25.600580,0.9531691
1900,01-12-2021 16:10:26.522500,0.9219177
1901,01-12-2021 16:10:27.381920,0.8594148
1902,01-12-2021 16:10:28.210080,0.8281634
1903,01-12-2021 16:10:29.006990,0.796912
1904,01-12-2021 16:10:29.835160,0.8281634
1905,01-12-2021 16:10:30.616440,0.7812862
1906,01-12-2021 16:10:31.366480,0.7500346
1907,01-12-2021 16:10:32.179010,0.8125377
1908,01-12-2021 16:10:33.022800,0.843789
1909,01-12-2021 16:10:33.835340,0.8125377
1910,01-12-2021 16:10:34.632250,0.796912
1911,01-12-2021 16:10:35.585420,0.9531691
1912,01-12-2021 16:10:36.522970,0.9375434
1913,01-12-2021 16:11:25.478360,0.7344089
1914,01-12-2021 16:11:26.275270,0.796912
1915,01-12-2021 16:11:31.791150,0.7187833
1916,01-12-2021 16:11:32.463060,0.671906
1917,01-12-2021 16:11:33.275590,0.8125377
1918,01-12-2021 16:11:34.135010,0.8594148
1919,01-12-2021 16:11:34.838170,0.7031577
1920,01-12-2021 16:11:43.291680,0.6562805
1921,01-12-2021 16:11:44.104220,0.8125377
1922,01-12-2021 16:12:30.325110,0.7031577
1923,01-12-2021 16:12:39.356780,0.843789
1924,01-12-2021 16:12:40.278700,0.9219177
1925,01-12-2021 16:12:41.106860,0.8281634
1926,01-12-2021 16:13:00.185870,0.8281631
1927,01-12-2021 16:13:01.029660,0.843789
1928,01-12-2021 16:13:10.123830,0.843789
1929,01-12-2021 16:13:33.234270,1.078175
1930,01-12-2021 16:13:59.360480,0.9844205
1931,01-12-2021 16:14:00.235520,0.8750405
1932,01-12-2021 16:14:13.533020,0.8750405
1933,01-12-2021 16:14:28.533710,0.7656605
1934,01-12-2021 16:14:29.408750,0.8750405
1935,01-12-2021 16:14:30.393170,0.9844205
1936,01-12-2021 16:14:31.299460,0.9062919
1937,01-12-2021 16:14:32.299510,1.000046
1938,01-12-2021 16:15:34.302380,0.9844208
1939,01-12-2021 16:15:44.802870,1.000046
1940,01-12-2021 16:15:45.787290,0.9844205
1941,01-12-2021 16:15:46.834210,1.046924
1942,01-12-2021 16:15:47.740500,0.9062919
1943,01-12-2021 16:15:48.818680,1.078175
1944,01-12-2021 16:15:59.850440,0.8750405
1945,01-12-2021 16:16:00.694230,0.843789
1946,01-12-2021 16:16:01.553640,0.8594148
1947,01-12-2021 16:16:02.506810,0.9531691
1948,01-12-2021 16:16:03.397480,0.8906662
1949,01-12-2021 16:16:04.303770,0.9062919
1950,01-12-2021 16:16:05.100680,0.796912
1951,01-12-2021 16:16:06.022600,0.9219177
1952,01-12-2021 16:16:06.913270,0.8906662
1953,01-12-2021 16:16:08.038320,1.125052
1954,01-12-2021 16:16:45.852570,0.9062919
1955,01-12-2021 16:16:46.790110,0.9375434
1956,01-12-2021 16:16:47.649530,0.8594148
1957,01-12-2021 16:16:48.524570,0.8750405
1958,01-12-2021 16:16:49.462110,0.9375434
1959,01-12-2021 16:16:50.446530,0.9844208
1960,01-12-2021 16:16:51.352820,0.9062919
1961,01-12-2021 16:16:52.321620,0.9687948
1962,01-12-2021 16:16:53.368540,1.046923
1963,01-12-2021 16:16:54.196710,0.8281634
1964,01-12-2021 16:16:55.071750,0.8750405
1965,01-12-2021 16:16:55.946790,0.8750405
1966,01-12-2021 16:16:56.884330,0.9375434
1967,01-12-2021 16:16:57.806250,0.9219177
1968,01-12-2021 16:16:58.775040,0.9687948
1969,01-12-2021 16:17:03.400260,0.9687948
1970,01-12-2021 16:17:04.290920,0.8906662
1971,01-12-2021 16:17:05.087840,0.796912
1972,01-12-2021 16:17:05.994130,0.9062919
1973,01-12-2021 16:17:06.916050,0.9219177
1974,01-12-2021 16:17:07.822340,0.9062919
1975,01-12-2021 16:17:08.744260,0.9219177
1976,01-12-2021 16:17:09.697420,0.9531691
1977,01-12-2021 16:17:10.509960,0.8125377
1978,01-12-2021 16:17:11.369380,0.8594148
1979,01-12-2021 16:17:12.088160,0.7187831
1980,01-12-2021 16:17:12.931950,0.843789
1981,01-12-2021 16:17:13.713240,0.7812862
1982,01-12-2021 16:17:20.635430,0.7187833
1983,01-12-2021 16:17:21.447970,0.8125377
1984,01-12-2021 16:17:22.369890,0.9219177
1985,01-12-2021 16:17:23.307430,0.9375434
1986,01-12-2021 16:17:24.244970,0.9375434
1987,01-12-2021 16:17:25.182520,0.9375434
1988,01-12-2021 16:17:26.182560,1.000046
1989,01-12-2021 16:17:27.120110,0.9375434
1990,01-12-2021 16:17:28.073280,0.9531693
1991,01-12-2021 16:17:29.026440,0.9531691
1992,01-12-2021 16:17:30.057740,1.031298
1993,01-12-2021 16:17:30.948410,0.8906662
1994,01-12-2021 16:17:31.792200,0.843789
1995,01-12-2021 16:17:44.152150,0.9687948
1996,01-12-2021 16:17:45.120940,0.9687948
1997,01-12-2021 16:17:46.120990,1.000046
1998,01-12-2021 16:18:49.248910,1.140678
1999,01-12-2021 16:18:57.874310,0.843789
2000,01-12-2021 16:18:58.811850,0.9375434
2001,01-12-2021 16:18:59.796270,0.9844208
2002,01-12-2021 16:19:00.718190,0.9219177
2003,01-12-2021 16:19:01.608860,0.8906662
2004,01-12-2021 16:19:02.640160,1.031298
2005,01-12-2021 16:19:03.624580,0.9844205
2006,01-12-2021 16:19:04.577740,0.9531693
2007,01-12-2021 16:19:05.546540,0.9687948
2008,01-12-2021 16:19:06.734090,1.187555
2009,01-12-2021 16:19:11.328060,0.9531691
2010,01-12-2021 16:19:12.296850,0.9687948
2011,01-12-2021 16:19:13.265650,0.9687948
2012,01-12-2021 16:19:14.187560,0.9219177
2013,01-12-2021 16:19:15.062610,0.8750405
2014,01-12-2021 16:19:15.890770,0.8281634
2015,01-12-2021 16:19:16.734560,0.843789
2016,01-12-2021 16:19:17.625220,0.8906662
2017,01-12-2021 16:19:18.515890,0.8906662
2018,01-12-2021 16:19:19.453430,0.9375434
2019,01-12-2021 16:19:20.484730,1.031298
2020,01-12-2021 16:19:44.126450,0.9531691
2021,01-12-2021 16:19:58.548990,0.9062919
2022,01-12-2021 16:19:59.424030,0.8750405
2023,01-12-2021 16:20:00.330330,0.9062919
2024,01-12-2021 16:20:01.299120,0.9687951
2025,01-12-2021 16:20:02.205410,0.9062919
2026,01-12-2021 16:20:03.142960,0.9375434
2027,01-12-2021 16:20:04.080500,0.9375434
2028,01-12-2021 16:20:05.002420,0.9219177
2029,01-12-2021 16:20:05.924340,0.9219177
2030,01-12-2021 16:20:06.815000,0.8906662
2031,01-12-2021 16:20:15.487280,0.9531691
2032,01-12-2021 16:20:16.409200,0.9219177
2033,01-12-2021 16:20:17.565500,1.156303
2034,01-12-2021 16:20:18.378040,0.8125377
2035,01-12-2021 16:20:19.253080,0.8750405
2036,01-12-2021 16:20:20.081240,0.8281634
2037,01-12-2021 16:20:34.956930,0.9219177
2038,01-12-2021 16:20:35.831970,0.8750405
2039,01-12-2021 16:20:36.722640,0.8906662
2040,01-12-2021 16:20:37.472670,0.7500346
2041,01-12-2021 16:20:42.879170,0.8594148
2042,01-12-2021 16:20:43.629210,0.7500346
2043,01-12-2021 16:20:44.441740,0.8125377
2044,01-12-2021 16:20:45.285530,0.843789
2045,01-12-2021 16:20:46.129320,0.843789
2046,01-12-2021 16:20:54.567210,0.6406546
2047,01-12-2021 16:21:00.333110,0.9375434
2048,01-12-2021 16:21:01.301900,0.9687948
2049,01-12-2021 16:21:02.270700,0.9687948
2050,01-12-2021 16:21:03.255120,0.9844208
2051,01-12-2021 16:21:04.208290,0.9531691
2052,01-12-2021 16:21:05.145830,0.9375434
2053,01-12-2021 16:21:10.958600,0.9687948
2054,01-12-2021 16:21:18.396440,0.8750405
2055,01-12-2021 16:21:29.459450,0.7656605
2056,01-12-2021 16:21:30.412620,0.9531691
2057,01-12-2021 16:21:39.444290,0.8750405
2058,01-12-2021 16:21:40.100570,0.6562805
2059,01-12-2021 16:21:52.273010,0.843789
2060,01-12-2021 16:21:53.194930,0.9219177
2061,01-12-2021 16:21:54.179350,0.9844208
2062,01-12-2021 16:21:55.116890,0.9375434
2063,01-12-2021 16:21:56.038810,0.9219177
2064,01-12-2021 16:21:56.945100,0.9062919
2065,01-12-2021 16:21:57.945150,1.000046
2066,01-12-2021 16:21:58.835820,0.8906662
2067,01-12-2021 16:21:59.742110,0.9062919
2068,01-12-2021 16:22:00.648400,0.9062919
2069,01-12-2021 16:22:01.585940,0.9375434
2070,01-12-2021 16:22:02.726620,1.140678
2071,01-12-2021 16:22:07.117450,0.9062919
2072,01-12-2021 16:22:08.039370,0.9219177
2073,01-12-2021 16:22:08.914410,0.8750405
2074,01-12-2021 16:22:09.867580,0.9531691
2075,01-12-2021 16:22:10.805120,0.9375434
2076,01-12-2021 16:22:11.758290,0.9531691
2077,01-12-2021 16:22:12.727080,0.9687951
2078,01-12-2021 16:22:13.711500,0.9844205
2079,01-12-2021 16:22:14.711550,1.000046
2080,01-12-2021 16:22:15.633470,0.9219177
2081,01-12-2021 16:22:16.602260,0.9687948
2082,01-12-2021 16:22:17.602310,1.000046
2083,01-12-2021 16:22:18.539850,0.9375434
2084,01-12-2021 16:22:19.446140,0.9062919
2085,01-12-2021 16:22:20.461820,1.015672
2086,01-12-2021 16:22:24.977650,1.031298
2087,01-12-2021 16:22:25.805810,0.8281634
2088,01-12-2021 16:22:26.821490,1.015672
2089,01-12-2021 16:22:27.587150,0.7656605
2090,01-12-2021 16:22:37.603240,0.9219177
2091,01-12-2021 16:22:38.525150,0.9219177
2092,01-12-2021 16:22:39.415820,0.8906662
2093,01-12-2021 16:22:40.337740,0.9219177
2094,01-12-2021 16:22:41.275280,0.9375434
2095,01-12-2021 16:22:42.181570,0.9062919
2096,01-12-2021 16:22:43.103490,0.9219177
2097,01-12-2021 16:22:44.056660,0.9531691
2098,01-12-2021 16:22:44.978580,0.9219177
2099,01-12-2021 16:22:45.884870,0.9062919
2100,01-12-2021 16:22:46.838040,0.9531693
2101,01-12-2021 16:22:47.869340,1.031298
2102,01-12-2021 16:22:48.853760,0.9844205
2103,01-12-2021 16:22:49.838180,0.9844205
2104,01-12-2021 16:22:50.806970,0.9687951
2105,01-12-2021 16:22:51.744520,0.9375434
2106,01-12-2021 16:22:52.666430,0.9219177
2107,01-12-2021 16:22:53.635230,0.9687948
2108,01-12-2021 16:22:54.588400,0.9531691
2109,01-12-2021 16:22:55.541570,0.9531691
2110,01-12-2021 16:22:56.463480,0.9219177
2111,01-12-2021 16:22:57.479160,1.015672
2112,01-12-2021 16:22:58.354200,0.8750405
2113,01-12-2021 16:22:59.401120,1.046923
2114,01-12-2021 16:23:00.260540,0.8594148
2115,01-12-2021 16:23:01.229330,0.9687948
2116,01-12-2021 16:23:02.151250,0.9219177
2117,01-12-2021 16:23:03.104420,0.9531691
2118,01-12-2021 16:23:04.041960,0.9375434
2119,01-12-2021 16:23:04.979500,0.9375436
2120,01-12-2021 16:23:06.042050,1.062549
2121,01-12-2021 16:23:07.042100,1.000046
2122,01-12-2021 16:23:08.010890,0.9687948
2123,01-12-2021 16:23:13.839290,0.9531693
2124,01-12-2021 16:23:14.854960,1.015672
2125,01-12-2021 16:23:15.870630,1.015672
2126,01-12-2021 16:23:16.901930,1.031298
2127,01-12-2021 16:23:17.933230,1.031298
2128,01-12-2021 16:23:18.948900,1.015672
2129,01-12-2021 16:23:19.995820,1.046923
2130,01-12-2021 16:23:32.496400,1.031298
2131,01-12-2021 16:23:33.308940,0.8125377
2132,01-12-2021 16:23:34.402740,1.093801
2133,01-12-2021 16:23:35.168400,0.7656605
2134,01-12-2021 16:23:36.059070,0.8906662
2135,01-12-2021 16:23:36.871610,0.8125377
2136,01-12-2021 16:23:37.715390,0.843789
2137,01-12-2021 16:23:38.809200,1.093801
2138,01-12-2021 16:23:39.918620,1.109426
2139,01-12-2021 16:23:48.169000,1.031298
2140,01-12-2021 16:23:49.059670,0.8906662
2141,01-12-2021 16:23:50.090970,1.031298
2142,01-12-2021 16:23:50.950380,0.8594148
2143,01-12-2021 16:23:51.966050,1.015672
2144,01-12-2021 16:23:52.966100,1.000046
2145,01-12-2021 16:23:54.013020,1.046923
2146,01-12-2021 16:23:59.185140,1.265684
2147,01-12-2021 16:24:07.419900,0.9844208
2148,01-12-2021 16:24:08.373060,0.9531691
2149,01-12-2021 16:24:09.294980,0.9219177
2150,01-12-2021 16:24:10.310650,1.015672
2151,01-12-2021 16:24:11.263820,0.9531691
2152,01-12-2021 16:24:12.201370,0.9375434
2153,01-12-2021 16:24:13.154540,0.9531693
2154,01-12-2021 16:24:14.092080,0.9375434
