,Time,HR
0,01-12-2021 15:25:21.522230,58.17913
1,01-12-2021 15:26:02.039730,61.9326
2,01-12-2021 15:26:02.852270,73.84275
3,01-12-2021 15:26:03.727310,68.56825
4,01-12-2021 15:26:04.664850,63.99704
5,01-12-2021 15:26:05.508640,71.10782
6,01-12-2021 15:26:06.414930,66.20383
7,01-12-2021 15:26:07.368100,62.94789
8,01-12-2021 15:26:08.290020,65.08173
9,01-12-2021 15:26:09.461950,51.19764
10,01-12-2021 15:26:10.571370,54.082
11,01-12-2021 15:26:57.886070,63.99704
12,01-12-2021 15:26:58.823610,63.99704
13,01-12-2021 15:26:59.714280,67.3653
14,01-12-2021 15:27:25.309210,68.56825
15,01-12-2021 15:27:35.762820,93.65421
16,01-12-2021 15:27:36.622230,69.81495
17,01-12-2021 15:27:37.544150,65.08173
18,01-12-2021 15:27:50.997900,57.31077
19,01-12-2021 15:27:52.013570,59.07419
20,01-12-2021 15:27:53.060500,57.31078
21,01-12-2021 15:27:54.044920,60.94955
22,01-12-2021 15:27:55.013710,61.93262
23,01-12-2021 15:28:36.328120,59.99723
24,01-12-2021 15:28:37.375050,57.31078
25,01-12-2021 15:28:38.359470,60.94955
26,01-12-2021 15:28:39.312640,62.94791
27,01-12-2021 15:28:40.234560,65.08173
28,01-12-2021 15:28:41.203350,61.93262
29,01-12-2021 15:28:42.265900,56.46798
30,01-12-2021 15:29:48.347080,93.65418
31,01-12-2021 15:30:47.006050,89.2982
32,01-12-2021 15:31:41.414820,69.81495
33,01-12-2021 15:32:28.651380,57.31077
34,01-12-2021 15:32:29.417040,78.36371
35,01-12-2021 15:32:30.260830,71.10783
36,01-12-2021 15:32:31.151500,67.3653
37,01-12-2021 15:32:32.214050,56.46796
38,01-12-2021 15:32:33.073460,69.81495
39,01-12-2021 15:32:33.839120,78.36371
40,01-12-2021 15:32:34.729790,67.3653
41,01-12-2021 15:32:35.401700,89.2982
42,01-12-2021 15:32:36.120480,83.47439
43,01-12-2021 15:32:36.901770,76.79646
44,01-12-2021 15:32:41.605110,62.94791
45,01-12-2021 15:32:42.402020,75.29063
46,01-12-2021 15:32:58.809030,62.94791
47,01-12-2021 15:32:59.715320,66.20383
48,01-12-2021 15:33:00.715370,59.99723
49,01-12-2021 15:33:01.590410,68.56825
50,01-12-2021 15:33:02.559200,61.93262
51,01-12-2021 15:33:13.012810,55.6496
52,01-12-2021 15:33:23.872690,72.44947
53,01-12-2021 15:33:24.653980,76.79646
54,01-12-2021 15:33:25.497770,71.10782
55,01-12-2021 15:33:26.419680,65.08173
56,01-12-2021 15:33:27.232220,73.84273
57,01-12-2021 15:33:28.013510,76.79644
58,01-12-2021 15:33:28.763540,79.99628
59,01-12-2021 15:33:29.591710,72.44949
60,01-12-2021 15:33:30.435490,71.10782
61,01-12-2021 15:33:31.263660,72.44947
62,01-12-2021 15:33:32.279330,59.07418
63,01-12-2021 15:33:33.310630,58.17913
64,01-12-2021 15:33:34.201290,67.3653
65,01-12-2021 15:33:35.107590,66.20383
66,01-12-2021 15:33:36.123260,59.07419
67,01-12-2021 15:33:37.123300,59.99723
68,01-12-2021 15:33:37.967090,71.10782
69,01-12-2021 15:33:38.889010,65.08173
70,01-12-2021 15:33:39.842180,62.94789
71,01-12-2021 15:33:40.670340,72.44947
72,01-12-2021 15:33:41.482880,73.84275
73,01-12-2021 15:33:42.420420,63.99704
74,01-12-2021 15:33:43.436100,59.07418
75,01-12-2021 15:33:44.326760,67.3653
76,01-12-2021 15:33:45.248680,65.08173
77,01-12-2021 15:33:46.217480,61.93262
78,01-12-2021 15:33:47.108140,67.3653
79,01-12-2021 15:33:47.951930,71.10782
80,01-12-2021 15:33:48.842600,67.3653
81,01-12-2021 15:33:49.827020,60.94956
82,01-12-2021 15:33:50.842690,59.07419
83,01-12-2021 15:33:51.702100,69.81495
84,01-12-2021 15:33:52.686530,60.94955
85,01-12-2021 15:33:53.702200,59.07419
86,01-12-2021 15:33:54.608490,66.20383
87,01-12-2021 15:33:55.499160,67.3653
88,01-12-2021 15:33:56.639830,52.6003
89,01-12-2021 15:34:00.233750,76.79644
90,01-12-2021 15:34:01.030660,75.29065
91,01-12-2021 15:34:01.921330,67.36528
92,01-12-2021 15:34:02.827620,66.20383
93,01-12-2021 15:34:03.608910,76.79646
94,01-12-2021 15:34:04.405820,75.29063
95,01-12-2021 15:34:05.140230,81.69833
96,01-12-2021 15:34:05.890260,79.99632
97,01-12-2021 15:34:06.687170,75.29063
98,01-12-2021 15:34:07.452830,78.36371
99,01-12-2021 15:34:08.281000,72.44947
100,01-12-2021 15:34:09.234170,62.94791
101,01-12-2021 15:34:10.109210,68.56825
102,01-12-2021 15:34:10.968620,69.81495
103,01-12-2021 15:34:11.859290,67.3653
104,01-12-2021 15:34:12.796830,63.99704
105,01-12-2021 15:34:13.640620,71.10782
106,01-12-2021 15:34:14.437530,75.29063
107,01-12-2021 15:34:15.296950,69.81495
108,01-12-2021 15:34:16.125110,72.44947
109,01-12-2021 15:34:17.000150,68.56825
110,01-12-2021 15:34:17.843940,71.10783
111,01-12-2021 15:34:18.656480,73.84273
112,01-12-2021 15:34:19.578400,65.08173
113,01-12-2021 15:34:20.328430,79.99628
114,01-12-2021 15:34:21.172220,71.10782
115,01-12-2021 15:34:22.062890,67.3653
116,01-12-2021 15:34:22.953550,67.3653
117,01-12-2021 15:34:23.781720,72.44947
118,01-12-2021 15:34:24.594250,73.84273
119,01-12-2021 15:34:25.469290,68.56825
120,01-12-2021 15:34:26.469340,59.99723
121,01-12-2021 15:34:27.328750,69.81495
122,01-12-2021 15:34:28.141290,73.84273
123,01-12-2021 15:34:29.000710,69.81495
124,01-12-2021 15:34:29.985130,60.94956
125,01-12-2021 15:34:30.891420,66.20383
126,01-12-2021 15:34:31.719580,72.44947
127,01-12-2021 15:34:32.829010,54.08201
128,01-12-2021 15:34:33.829060,59.99721
129,01-12-2021 15:34:50.407950,73.84273
130,01-12-2021 15:34:51.298610,67.3653
131,01-12-2021 15:34:52.236160,63.99704
132,01-12-2021 15:34:53.126820,67.3653
133,01-12-2021 15:34:53.986240,69.81495
134,01-12-2021 15:34:54.876910,67.3653
135,01-12-2021 15:34:55.861330,60.94956
136,01-12-2021 15:34:56.751990,67.3653
137,01-12-2021 15:34:57.642660,67.3653
138,01-12-2021 15:34:58.580200,63.99704
139,01-12-2021 15:34:59.533370,62.94789
140,01-12-2021 15:35:00.424040,67.3653
141,01-12-2021 15:35:01.283450,69.81495
142,01-12-2021 15:35:02.174120,67.3653
143,01-12-2021 15:35:03.127290,62.94791
144,01-12-2021 15:35:03.971080,71.10782
145,01-12-2021 15:35:04.861740,67.3653
146,01-12-2021 15:35:05.783660,65.08173
147,01-12-2021 15:35:06.721200,63.99704
148,01-12-2021 15:35:07.596240,68.56825
149,01-12-2021 15:35:08.440030,71.10782
150,01-12-2021 15:35:09.346330,66.20383
151,01-12-2021 15:35:10.236990,67.3653
152,01-12-2021 15:35:11.080780,71.10782
153,01-12-2021 15:35:11.893320,73.84273
154,01-12-2021 15:35:12.768360,68.56825
155,01-12-2021 15:35:13.690280,65.08173
156,01-12-2021 15:35:14.549690,69.81495
157,01-12-2021 15:35:15.393480,71.10783
158,01-12-2021 15:35:25.831460,69.81495
159,01-12-2021 15:35:26.753380,65.08173
160,01-12-2021 15:35:27.628420,68.56825
161,01-12-2021 15:35:28.597220,61.93262
162,01-12-2021 15:35:29.534760,63.99704
163,01-12-2021 15:35:30.394180,69.81495
164,01-12-2021 15:35:31.253590,69.81495
165,01-12-2021 15:35:32.144260,67.3653
166,01-12-2021 15:35:33.066170,65.08173
167,01-12-2021 15:35:33.941210,68.56825
168,01-12-2021 15:35:34.863130,65.08173
169,01-12-2021 15:35:35.800680,63.99702
170,01-12-2021 15:35:36.722590,65.08173
171,01-12-2021 15:35:37.535130,73.84275
172,01-12-2021 15:35:38.410170,68.56825
173,01-12-2021 15:35:39.269590,69.81495
174,01-12-2021 15:35:40.160250,67.3653
175,01-12-2021 15:35:41.222800,56.46796
176,01-12-2021 15:35:54.004640,75.29063
177,01-12-2021 15:35:54.895310,67.3653
178,01-12-2021 15:35:55.785980,67.3653
179,01-12-2021 15:35:56.676640,67.3653
180,01-12-2021 15:35:57.551680,68.56825
181,01-12-2021 15:35:58.411100,69.81495
182,01-12-2021 15:35:59.223640,73.84275
183,01-12-2021 15:36:00.051800,72.44947
184,01-12-2021 15:36:00.942470,67.3653
185,01-12-2021 15:36:01.848760,66.20383
186,01-12-2021 15:36:02.708170,69.81495
187,01-12-2021 15:36:03.567590,69.81495
188,01-12-2021 15:36:04.427000,69.81495
189,01-12-2021 15:36:05.302040,68.56825
190,01-12-2021 15:36:06.130210,72.44947
191,01-12-2021 15:36:07.036500,66.20383
192,01-12-2021 15:36:07.974040,63.99704
193,01-12-2021 15:36:08.911580,63.99704
194,01-12-2021 15:36:09.833500,65.08173
195,01-12-2021 15:36:10.833550,59.99721
196,01-12-2021 15:36:11.771090,63.99704
197,01-12-2021 15:36:19.677710,69.81495
198,01-12-2021 15:36:20.427740,79.99632
199,01-12-2021 15:36:21.130900,85.32937
200,01-12-2021 15:36:21.849680,83.47439
201,01-12-2021 15:36:22.537220,87.2687
202,01-12-2021 15:36:23.224750,87.26867
203,01-12-2021 15:36:24.037290,73.84273
204,01-12-2021 15:36:24.834200,75.29065
205,01-12-2021 15:36:25.646730,73.84273
206,01-12-2021 15:36:26.506150,69.81495
207,01-12-2021 15:36:27.412440,66.20383
208,01-12-2021 15:36:28.271860,69.81495
209,01-12-2021 15:36:29.146900,68.56825
210,01-12-2021 15:36:30.006310,69.81495
211,01-12-2021 15:36:30.912600,66.20383
212,01-12-2021 15:36:31.803270,67.3653
213,01-12-2021 15:36:32.709560,66.20383
214,01-12-2021 15:36:33.631480,65.08173
215,01-12-2021 15:36:34.584650,62.94791
216,01-12-2021 15:36:35.428440,71.10782
217,01-12-2021 15:36:36.287850,69.81495
218,01-12-2021 15:36:37.256650,61.93262
219,01-12-2021 15:36:38.006680,79.99628
220,01-12-2021 15:36:48.241530,73.84273
221,01-12-2021 15:36:49.007190,78.36371
222,01-12-2021 15:36:49.804100,75.29063
223,01-12-2021 15:37:11.305100,65.08173
224,01-12-2021 15:37:26.493300,59.99721
225,01-12-2021 15:37:27.477720,60.94956
226,01-12-2021 15:37:33.665510,66.20383
227,01-12-2021 15:37:34.696810,58.17913
228,01-12-2021 15:37:35.571850,68.56825
229,01-12-2021 15:37:36.587520,59.07419
230,01-12-2021 15:37:37.478190,67.3653
231,01-12-2021 15:37:38.509480,58.17912
232,01-12-2021 15:37:39.400150,67.3653
233,01-12-2021 15:37:40.384570,60.94956
234,01-12-2021 15:38:02.385590,89.29817
235,01-12-2021 15:38:03.041870,91.42435
236,01-12-2021 15:38:03.776280,81.69833
237,01-12-2021 15:38:04.526310,79.99628
238,01-12-2021 15:38:05.323230,75.29065
239,01-12-2021 15:38:06.120140,75.29063
240,01-12-2021 15:38:06.932680,73.84273
241,01-12-2021 15:38:07.745210,73.84273
242,01-12-2021 15:38:08.604630,69.81495
243,01-12-2021 15:38:09.432790,72.44947
244,01-12-2021 15:38:10.245330,73.84275
245,01-12-2021 15:38:11.089120,71.10782
246,01-12-2021 15:38:12.057910,61.9326
247,01-12-2021 15:38:12.964200,66.20383
248,01-12-2021 15:38:13.823620,69.81495
249,01-12-2021 15:38:23.933460,69.81495
250,01-12-2021 15:38:24.808500,68.56825
251,01-12-2021 15:38:25.667920,69.81495
252,01-12-2021 15:38:26.449200,76.79644
253,01-12-2021 15:38:27.292990,71.10782
254,01-12-2021 15:38:28.214910,65.08173
255,01-12-2021 15:38:29.152450,63.99704
256,01-12-2021 15:38:29.996240,71.10782
257,01-12-2021 15:38:30.918160,65.08173
258,01-12-2021 15:38:31.855700,63.99704
259,01-12-2021 15:38:41.699910,71.10783
260,01-12-2021 15:38:42.559330,69.81495
261,01-12-2021 15:38:43.449990,67.3653
262,01-12-2021 15:38:44.262530,73.84273
263,01-12-2021 15:38:45.121940,69.81495
264,01-12-2021 15:38:45.996980,68.56825
265,01-12-2021 15:38:46.747020,79.99628
266,01-12-2021 15:38:47.543930,75.29063
267,01-12-2021 15:38:52.716050,78.36374
268,01-12-2021 15:38:53.403580,87.26867
269,01-12-2021 15:38:59.075720,62.94791
270,01-12-2021 15:38:59.950760,68.56825
271,01-12-2021 15:39:01.091430,52.60031
272,01-12-2021 15:39:05.404130,63.99704
273,01-12-2021 15:39:06.310430,66.20383
274,01-12-2021 15:39:07.154210,71.10782
275,01-12-2021 15:39:08.076130,65.08173
276,01-12-2021 15:39:09.044930,61.93262
277,01-12-2021 15:39:09.982470,63.99704
278,01-12-2021 15:39:10.841880,69.81495
279,01-12-2021 15:39:11.826310,60.94955
280,01-12-2021 15:39:12.810730,60.94956
281,01-12-2021 15:39:13.638890,72.44947
282,01-12-2021 15:39:14.513930,68.56825
283,01-12-2021 15:39:15.326470,73.84275
284,01-12-2021 15:39:16.201510,68.56825
285,01-12-2021 15:39:16.951540,79.99628
286,01-12-2021 15:39:17.998470,57.31078
287,01-12-2021 15:39:18.857880,69.81495
288,01-12-2021 15:39:19.654790,75.29063
289,01-12-2021 15:39:20.436080,76.79644
290,01-12-2021 15:39:31.374090,69.81495
291,01-12-2021 15:39:32.186620,73.84273
292,01-12-2021 15:39:33.046040,69.81496
293,01-12-2021 15:39:33.921080,68.56825
294,01-12-2021 15:39:34.905500,60.94955
295,01-12-2021 15:39:35.843040,63.99704
296,01-12-2021 15:39:36.624330,76.79644
297,01-12-2021 15:39:37.436870,73.84275
298,01-12-2021 15:39:38.202530,78.36371
299,01-12-2021 15:39:38.999440,75.29063
300,01-12-2021 15:39:39.718220,83.47439
301,01-12-2021 15:39:40.515130,75.29065
302,01-12-2021 15:39:41.374550,69.81495
303,01-12-2021 15:39:51.546900,65.08173
304,01-12-2021 15:39:52.484440,63.99704
305,01-12-2021 15:39:53.390730,66.20383
306,01-12-2021 15:39:54.328270,63.99702
307,01-12-2021 15:39:55.265820,63.99704
308,01-12-2021 15:39:56.125230,69.81495
309,01-12-2021 15:39:56.984650,69.81495
310,01-12-2021 15:39:57.797180,73.84275
311,01-12-2021 15:39:58.609720,73.84273
312,01-12-2021 15:39:59.406630,75.29063
313,01-12-2021 15:40:03.984970,85.3294
314,01-12-2021 15:40:04.797510,73.84273
315,01-12-2021 15:40:05.578790,76.79644
316,01-12-2021 15:40:06.391330,73.84273
317,01-12-2021 15:40:07.235120,71.10782
318,01-12-2021 15:40:08.032030,75.29063
319,01-12-2021 15:40:08.875820,71.10783
320,01-12-2021 15:40:39.908510,72.44947
321,01-12-2021 15:40:40.767920,69.81496
322,01-12-2021 15:40:41.705470,63.99702
323,01-12-2021 15:40:54.174800,67.3653
324,01-12-2021 15:40:55.081090,66.20383
325,01-12-2021 15:40:55.971750,67.3653
326,01-12-2021 15:40:56.878050,66.20383
327,01-12-2021 15:40:57.706210,72.44947
328,01-12-2021 15:40:58.534370,72.44947
329,01-12-2021 15:40:59.331280,75.29065
330,01-12-2021 15:41:00.050070,83.47439
331,01-12-2021 15:41:00.878230,72.44947
332,01-12-2021 15:41:01.706390,72.44947
333,01-12-2021 15:41:02.565810,69.81495
334,01-12-2021 15:41:03.456480,67.3653
335,01-12-2021 15:41:04.425270,61.93262
336,01-12-2021 15:41:05.269060,71.10782
337,01-12-2021 15:41:06.159730,67.3653
338,01-12-2021 15:41:07.081640,65.08173
339,01-12-2021 15:41:15.003890,72.44947
340,01-12-2021 15:41:15.878930,68.56825
341,01-12-2021 15:41:16.753970,68.56825
342,01-12-2021 15:41:17.597760,71.10782
343,01-12-2021 15:41:18.410290,73.84275
344,01-12-2021 15:41:19.207200,75.29063
345,01-12-2021 15:41:20.050990,71.10782
346,01-12-2021 15:41:20.910410,69.81495
347,01-12-2021 15:41:21.738570,72.44947
348,01-12-2021 15:41:22.644860,66.20383
349,01-12-2021 15:41:23.598030,62.94791
350,01-12-2021 15:41:24.519950,65.08173
351,01-12-2021 15:41:25.363740,71.10782
352,01-12-2021 15:41:26.238780,68.56825
353,01-12-2021 15:41:27.207580,61.93262
354,01-12-2021 15:41:28.207620,59.99721
355,01-12-2021 15:41:29.113910,66.20383
356,01-12-2021 15:41:30.020210,66.20383
357,01-12-2021 15:41:30.957750,63.99704
358,01-12-2021 15:41:31.942170,60.94956
359,01-12-2021 15:41:32.817210,68.56825
360,01-12-2021 15:41:33.739130,65.08173
361,01-12-2021 15:41:48.505440,67.3653
362,01-12-2021 15:41:49.380480,68.56825
363,01-12-2021 15:41:50.208640,72.44947
364,01-12-2021 15:41:51.068060,69.81495
365,01-12-2021 15:41:51.989970,65.08173
366,01-12-2021 15:41:52.880640,67.3653
367,01-12-2021 15:41:53.786930,66.20383
368,01-12-2021 15:41:54.724470,63.99702
369,01-12-2021 15:41:55.662020,63.99704
370,01-12-2021 15:41:56.521430,69.81495
371,01-12-2021 15:41:57.458980,63.99704
372,01-12-2021 15:41:58.412150,62.94791
373,01-12-2021 15:41:59.396570,60.94956
374,01-12-2021 15:42:00.302860,66.20383
375,01-12-2021 15:42:01.271650,61.93262
376,01-12-2021 15:42:02.224820,62.94791
377,01-12-2021 15:42:03.131110,66.20381
378,01-12-2021 15:42:04.006150,68.56827
379,01-12-2021 15:42:04.928070,65.08172
380,01-12-2021 15:42:05.849990,65.08173
381,01-12-2021 15:42:06.787530,63.99704
382,01-12-2021 15:42:07.631320,71.10782
383,01-12-2021 15:42:08.584490,62.94791
384,01-12-2021 15:42:09.459530,68.56825
385,01-12-2021 15:42:10.334570,68.56825
386,01-12-2021 15:42:11.178360,71.10782
387,01-12-2021 15:42:12.084650,66.20383
388,01-12-2021 15:42:12.944070,69.81495
389,01-12-2021 15:42:13.772230,72.44947
390,01-12-2021 15:42:14.616020,71.10783
391,01-12-2021 15:42:15.506690,67.3653
392,01-12-2021 15:42:16.428600,65.08172
393,01-12-2021 15:42:17.256770,72.44949
394,01-12-2021 15:42:18.100560,71.10782
395,01-12-2021 15:42:18.991220,67.3653
396,01-12-2021 15:42:19.928770,63.99704
397,01-12-2021 15:42:20.772560,71.10782
398,01-12-2021 15:42:21.663220,67.3653
399,01-12-2021 15:42:22.553890,67.3653
400,01-12-2021 15:42:23.475810,65.08173
401,01-12-2021 15:42:24.350850,68.56825
402,01-12-2021 15:42:25.257140,66.20383
403,01-12-2021 15:42:26.241560,60.94955
404,01-12-2021 15:42:27.132230,67.3653
405,01-12-2021 15:42:28.038520,66.20383
406,01-12-2021 15:42:28.897930,69.81495
407,01-12-2021 15:42:29.757350,69.81495
408,01-12-2021 15:42:30.585510,72.44947
409,01-12-2021 15:42:31.476180,67.3653
410,01-12-2021 15:42:32.398090,65.08173
411,01-12-2021 15:42:33.320010,65.08173
412,01-12-2021 15:42:34.163800,71.10782
413,01-12-2021 15:42:35.007590,71.10782
414,01-12-2021 15:42:35.882630,68.56827
415,01-12-2021 15:42:36.710790,72.44947
416,01-12-2021 15:42:37.460830,79.99628
417,01-12-2021 15:42:38.242120,76.79644
418,01-12-2021 15:42:38.945270,85.3294
419,01-12-2021 15:42:39.742180,75.29063
420,01-12-2021 15:42:40.570350,72.44947
421,01-12-2021 15:42:41.414140,71.10782
422,01-12-2021 15:42:42.242300,72.44947
423,01-12-2021 15:42:49.820780,73.84273
424,01-12-2021 15:42:50.648940,72.44947
425,01-12-2021 15:42:51.570860,65.08173
426,01-12-2021 15:42:52.461520,67.3653
427,01-12-2021 15:42:53.305310,71.10782
428,01-12-2021 15:42:54.117850,73.84273
429,01-12-2021 15:42:54.961640,71.10782
430,01-12-2021 15:42:55.805430,71.10783
431,01-12-2021 15:42:56.617970,73.84273
432,01-12-2021 15:42:57.446130,72.44947
433,01-12-2021 15:42:58.352420,66.20383
434,01-12-2021 15:42:59.289960,63.99704
435,01-12-2021 15:43:00.243130,62.94789
436,01-12-2021 15:43:01.227550,60.94956
437,01-12-2021 15:43:02.196350,61.93262
438,01-12-2021 15:43:03.087020,67.3653
439,01-12-2021 15:43:03.946430,69.81495
440,01-12-2021 15:43:04.962100,59.07419
441,01-12-2021 15:43:05.805890,71.10782
442,01-12-2021 15:43:06.680930,68.56825
443,01-12-2021 15:43:07.540350,69.81495
444,01-12-2021 15:43:08.509140,61.93262
445,01-12-2021 15:43:09.306050,75.29063
446,01-12-2021 15:43:10.243600,63.99704
447,01-12-2021 15:43:11.149890,66.20383
448,01-12-2021 15:43:12.103060,62.94791
449,01-12-2021 15:43:12.978100,68.56825
450,01-12-2021 15:43:13.821890,71.10782
451,01-12-2021 15:43:14.743810,65.08173
452,01-12-2021 15:43:15.665720,65.08173
453,01-12-2021 15:43:16.525140,69.81495
454,01-12-2021 15:43:17.431430,66.20383
455,01-12-2021 15:43:18.353350,65.08173
456,01-12-2021 15:43:19.244010,67.3653
457,01-12-2021 15:43:20.134680,67.3653
458,01-12-2021 15:43:21.087850,62.94789
459,01-12-2021 15:43:22.041020,62.94791
460,01-12-2021 15:43:22.931680,67.3653
461,01-12-2021 15:43:23.837980,66.20383
462,01-12-2021 15:43:24.775520,63.99704
463,01-12-2021 15:43:25.588060,73.84273
464,01-12-2021 15:43:26.463100,68.56825
465,01-12-2021 15:43:27.338140,68.56825
466,01-12-2021 15:43:28.275680,63.99704
467,01-12-2021 15:43:29.150720,68.56825
468,01-12-2021 15:43:30.072640,65.08173
469,01-12-2021 15:43:31.057060,60.94956
470,01-12-2021 15:43:32.041480,60.94956
471,01-12-2021 15:43:32.916520,68.56825
472,01-12-2021 15:43:33.854070,63.99704
473,01-12-2021 15:43:34.822860,61.9326
474,01-12-2021 15:43:35.760400,63.99704
475,01-12-2021 15:43:36.651070,67.3653
476,01-12-2021 15:43:37.572990,65.08173
477,01-12-2021 15:43:38.526160,62.94791
478,01-12-2021 15:43:39.416820,67.3653
479,01-12-2021 15:43:40.338740,65.08173
480,01-12-2021 15:43:41.307540,61.93262
481,01-12-2021 15:43:42.213830,66.20383
482,01-12-2021 15:43:43.088870,68.56825
483,01-12-2021 15:43:43.963910,68.56825
484,01-12-2021 15:43:44.917080,62.94791
485,01-12-2021 15:43:45.792120,68.56825
486,01-12-2021 15:43:46.651530,69.81495
487,01-12-2021 15:43:47.510950,69.81495
488,01-12-2021 15:43:48.417240,66.20383
489,01-12-2021 15:43:49.307910,67.3653
490,01-12-2021 15:43:50.261080,62.94789
491,01-12-2021 15:43:51.229870,61.93262
492,01-12-2021 15:43:52.151790,65.08173
493,01-12-2021 15:44:04.355480,71.10782
494,01-12-2021 15:44:05.121140,78.36371
495,01-12-2021 15:44:05.949300,72.44947
496,01-12-2021 15:44:06.777470,72.44947
497,01-12-2021 15:44:07.683760,66.20383
498,01-12-2021 15:44:08.527550,71.10782
499,01-12-2021 15:44:14.059050,72.44947
500,01-12-2021 15:44:14.934090,68.56825
501,01-12-2021 15:44:15.809130,68.56825
502,01-12-2021 15:44:16.637300,72.44947
503,01-12-2021 15:44:17.434210,75.29063
504,01-12-2021 15:44:18.309250,68.56825
505,01-12-2021 15:44:19.199920,67.3653
506,01-12-2021 15:44:20.137460,63.99704
507,01-12-2021 15:44:31.950510,67.3653
508,01-12-2021 15:44:37.028870,78.36371
509,01-12-2021 15:44:44.747970,73.84273
510,01-12-2021 15:44:45.654270,66.20383
511,01-12-2021 15:44:46.388670,81.69836
512,01-12-2021 15:44:47.185590,75.29063
513,01-12-2021 15:44:48.060630,68.56825
514,01-12-2021 15:44:49.013800,62.94791
515,01-12-2021 15:44:49.935710,65.08173
516,01-12-2021 15:44:50.826380,67.3653
517,01-12-2021 15:44:57.951710,69.81495
518,01-12-2021 15:44:58.873630,65.08173
519,01-12-2021 15:44:59.842420,61.9326
520,01-12-2021 15:45:09.202230,72.44947
521,01-12-2021 15:45:10.092900,67.3653
522,01-12-2021 15:45:10.905440,73.84273
523,01-12-2021 15:45:11.717970,73.84273
524,01-12-2021 15:45:12.561760,71.10783
525,01-12-2021 15:45:13.483680,65.08173
526,01-12-2021 15:45:14.311840,72.44947
527,01-12-2021 15:45:15.124380,73.84273
528,01-12-2021 15:45:15.999420,68.56825
529,01-12-2021 15:45:16.921340,65.08173
530,01-12-2021 15:45:17.796380,68.56825
531,01-12-2021 15:45:18.624540,72.44947
532,01-12-2021 15:45:19.499580,68.56825
533,01-12-2021 15:45:20.374620,68.56825
534,01-12-2021 15:45:21.187160,73.84273
535,01-12-2021 15:45:22.046580,69.81495
536,01-12-2021 15:45:22.859110,73.84273
537,01-12-2021 15:45:23.702900,71.10782
538,01-12-2021 15:45:24.562320,69.81495
539,01-12-2021 15:45:25.390480,72.44949
540,01-12-2021 15:45:26.296770,66.20383
541,01-12-2021 15:45:27.218690,65.08172
542,01-12-2021 15:45:28.093730,68.56827
543,01-12-2021 15:45:28.953150,69.81495
544,01-12-2021 15:45:29.828190,68.56825
545,01-12-2021 15:45:30.718850,67.3653
546,01-12-2021 15:45:31.531390,73.84273
547,01-12-2021 15:45:32.375180,71.10782
548,01-12-2021 15:45:33.234590,69.81495
549,01-12-2021 15:45:34.125260,67.3653
550,01-12-2021 15:45:34.984680,69.81495
551,01-12-2021 15:45:35.844090,69.81495
552,01-12-2021 15:45:36.719130,68.56825
553,01-12-2021 15:45:37.641050,65.08173
554,01-12-2021 15:45:38.469210,72.44947
555,01-12-2021 15:45:39.328630,69.81495
556,01-12-2021 15:45:40.203670,68.56825
557,01-12-2021 15:45:41.063080,69.81495
558,01-12-2021 15:45:41.875620,73.84273
559,01-12-2021 15:45:42.703780,72.44949
560,01-12-2021 15:45:43.516320,73.84273
561,01-12-2021 15:45:44.375740,69.81495
562,01-12-2021 15:45:45.219520,71.10782
563,01-12-2021 15:45:46.047690,72.44947
564,01-12-2021 15:45:57.188830,72.44947
565,01-12-2021 15:45:58.235750,57.31077
566,01-12-2021 15:45:59.063920,72.44949
567,01-12-2021 15:45:59.938960,68.56825
568,01-12-2021 15:46:00.892130,62.94789
569,01-12-2021 15:46:01.767170,68.56825
570,01-12-2021 15:46:02.642210,68.56825
571,01-12-2021 15:46:03.470370,72.44949
572,01-12-2021 15:46:04.329780,69.81495
573,01-12-2021 15:46:05.236080,66.20383
574,01-12-2021 15:46:06.126740,67.3653
575,01-12-2021 15:46:06.986160,69.81495
576,01-12-2021 15:46:07.829950,71.10782
577,01-12-2021 15:46:08.720610,67.3653
578,01-12-2021 15:46:09.595650,68.56825
579,01-12-2021 15:46:10.408190,73.84273
580,01-12-2021 15:46:11.236350,72.44947
581,01-12-2021 15:46:12.064520,72.44947
582,01-12-2021 15:46:13.017690,62.94791
583,01-12-2021 15:46:13.861480,71.10782
584,01-12-2021 15:46:14.658390,75.29063
585,01-12-2021 15:46:15.533430,68.56825
586,01-12-2021 15:46:16.424090,67.3653
587,01-12-2021 15:46:17.267880,71.10782
588,01-12-2021 15:46:18.080420,73.84275
589,01-12-2021 15:46:18.955460,68.56825
590,01-12-2021 15:46:19.830500,68.56825
591,01-12-2021 15:46:20.658670,72.44947
592,01-12-2021 15:46:21.486830,72.44947
593,01-12-2021 15:46:22.361870,68.56825
594,01-12-2021 15:46:23.268160,66.20383
595,01-12-2021 15:46:24.143200,68.56825
596,01-12-2021 15:46:25.002620,69.81495
597,01-12-2021 15:46:25.877660,68.56825
598,01-12-2021 15:46:26.799580,65.08173
599,01-12-2021 15:46:27.658990,69.81495
600,01-12-2021 15:46:28.534030,68.56825
601,01-12-2021 15:46:29.409070,68.56825
602,01-12-2021 15:46:30.330990,65.08173
603,01-12-2021 15:46:31.206030,68.56825
604,01-12-2021 15:46:32.065440,69.81495
605,01-12-2021 15:46:32.940480,68.56825
606,01-12-2021 15:46:33.846780,66.20383
607,01-12-2021 15:46:34.674940,72.44947
608,01-12-2021 15:46:35.456230,76.79644
609,01-12-2021 15:46:36.268760,73.84275
610,01-12-2021 15:46:37.112550,71.10782
611,01-12-2021 15:46:37.925090,73.84273
612,01-12-2021 15:46:56.035300,89.2982
613,01-12-2021 15:46:56.707210,89.29817
614,01-12-2021 15:46:57.472870,78.36374
615,01-12-2021 15:46:58.144780,89.29817
616,01-12-2021 15:46:58.941690,75.29063
617,01-12-2021 15:46:59.676100,81.69836
618,01-12-2021 15:47:00.519890,71.10782
619,01-12-2021 15:47:01.519930,59.99721
620,01-12-2021 15:47:02.332470,73.84275
621,01-12-2021 15:47:03.160630,72.44947
622,01-12-2021 15:47:04.004420,71.10782
623,01-12-2021 15:47:04.832590,72.44947
624,01-12-2021 15:47:05.723250,67.3653
625,01-12-2021 15:47:06.504540,76.79644
626,01-12-2021 15:47:07.363950,69.81495
627,01-12-2021 15:47:08.379630,59.07419
628,01-12-2021 15:47:09.332790,62.94791
629,01-12-2021 15:47:10.129710,75.29063
630,01-12-2021 15:47:11.004750,68.56825
631,01-12-2021 15:47:11.911040,66.20383
632,01-12-2021 15:47:12.707950,75.29063
633,01-12-2021 15:47:13.473610,78.36371
634,01-12-2021 15:47:14.379900,66.20383
635,01-12-2021 15:47:15.395580,59.07419
636,01-12-2021 15:47:16.380000,60.94956
637,01-12-2021 15:47:17.223790,71.10782
638,01-12-2021 15:47:18.130080,66.20383
639,01-12-2021 15:47:19.083250,62.94791
640,01-12-2021 15:47:20.052040,61.93262
641,01-12-2021 15:47:20.927080,68.56825
642,01-12-2021 15:47:21.849000,65.08173
643,01-12-2021 15:47:22.802170,62.94789
644,01-12-2021 15:47:23.708460,66.20383
645,01-12-2021 15:47:24.552250,71.10782
646,01-12-2021 15:47:25.442920,67.3653
647,01-12-2021 15:47:26.364830,65.08173
648,01-12-2021 15:47:27.208620,71.10782
649,01-12-2021 15:47:28.083660,68.56825
650,01-12-2021 15:47:28.974330,67.3653
651,01-12-2021 15:47:29.958750,60.94956
652,01-12-2021 15:47:30.865040,66.20383
653,01-12-2021 15:47:31.771330,66.20383
654,01-12-2021 15:47:32.708880,63.99704
655,01-12-2021 15:47:33.630800,65.08173
656,01-12-2021 15:47:34.537090,66.20383
657,01-12-2021 15:47:35.349620,73.84273
658,01-12-2021 15:47:36.271540,65.08173
659,01-12-2021 15:47:37.224710,62.94791
660,01-12-2021 15:47:38.146630,65.08173
661,01-12-2021 15:47:39.006040,69.81495
662,01-12-2021 15:47:39.912340,66.20383
663,01-12-2021 15:47:40.881130,61.93262
664,01-12-2021 15:47:49.162760,71.10782
665,01-12-2021 15:47:50.053430,67.3653
666,01-12-2021 15:47:50.850340,75.29063
667,01-12-2021 15:47:51.725380,68.56825
668,01-12-2021 15:47:52.647300,65.08173
669,01-12-2021 15:47:53.569220,65.08173
670,01-12-2021 15:47:54.459880,67.3653
671,01-12-2021 15:47:55.350550,67.3653
672,01-12-2021 15:47:56.288090,63.99704
673,01-12-2021 15:47:57.178760,67.3653
674,01-12-2021 15:47:58.022550,71.10782
675,01-12-2021 15:47:58.928840,66.20383
676,01-12-2021 15:47:59.882010,62.94791
677,01-12-2021 15:48:00.788300,66.20383
678,01-12-2021 15:48:01.694590,66.20383
679,01-12-2021 15:48:02.647760,62.94789
680,01-12-2021 15:48:03.632180,60.94956
681,01-12-2021 15:48:04.522850,67.3653
682,01-12-2021 15:48:05.444770,65.08173
683,01-12-2021 15:48:06.397940,62.94791
684,01-12-2021 15:48:07.413610,59.07419
685,01-12-2021 15:48:08.319900,66.20383
686,01-12-2021 15:48:09.241820,65.08172
687,01-12-2021 15:48:10.163740,65.08173
688,01-12-2021 15:48:11.116910,62.94791
689,01-12-2021 15:48:11.976320,69.81495
690,01-12-2021 15:48:12.882610,66.20383
691,01-12-2021 15:48:13.726400,71.10782
692,01-12-2021 15:48:26.867640,83.47441
693,01-12-2021 15:48:27.602040,81.69833
694,01-12-2021 15:48:49.946830,65.08173
695,01-12-2021 15:48:55.618970,79.99632
696,01-12-2021 15:49:03.775590,71.10782
697,01-12-2021 15:49:18.448150,78.36371
698,01-12-2021 15:49:25.073460,83.47439
699,01-12-2021 15:49:25.854740,76.79644
700,01-12-2021 15:49:26.682910,72.44949
701,01-12-2021 15:49:27.495440,73.84273
702,01-12-2021 15:49:34.995790,81.69836
703,01-12-2021 15:49:35.714570,83.47439
704,01-12-2021 15:49:36.495860,76.79644
705,01-12-2021 15:49:37.199020,85.3294
706,01-12-2021 15:49:37.917800,83.47439
707,01-12-2021 15:49:38.667840,79.99628
708,01-12-2021 15:49:39.433500,78.36374
709,01-12-2021 15:49:40.136650,85.32937
710,01-12-2021 15:49:40.886690,79.99628
711,01-12-2021 15:49:41.652350,78.36374
712,01-12-2021 15:49:42.418010,78.36371
713,01-12-2021 15:49:43.246170,72.44947
714,01-12-2021 15:49:54.465440,103.779
715,01-12-2021 15:49:55.121720,91.42432
716,01-12-2021 15:50:03.950260,93.65418
717,01-12-2021 15:50:04.590910,93.65421
718,01-12-2021 15:50:05.325320,81.69833
719,01-12-2021 15:50:06.106610,76.79646
720,01-12-2021 15:50:06.997270,67.36528
721,01-12-2021 15:50:07.762930,78.36374
722,01-12-2021 15:50:08.497340,81.69833
723,01-12-2021 15:50:09.309880,73.84273
724,01-12-2021 15:50:10.184920,68.56825
725,01-12-2021 15:50:11.138090,62.94791
726,01-12-2021 15:50:11.966250,72.44947
727,01-12-2021 15:50:12.841290,68.56825
728,01-12-2021 15:50:13.841340,59.99723
729,01-12-2021 15:50:14.716380,68.56825
730,01-12-2021 15:50:15.607050,67.3653
731,01-12-2021 15:50:16.638340,58.17913
732,01-12-2021 15:50:17.669640,58.17912
733,01-12-2021 15:50:18.544680,68.56825
734,01-12-2021 15:50:19.529100,60.94956
735,01-12-2021 15:50:20.497900,61.93262
736,01-12-2021 15:50:21.357310,69.81495
737,01-12-2021 15:50:22.294860,63.99704
738,01-12-2021 15:50:23.107390,73.84273
739,01-12-2021 15:50:24.013690,66.20383
740,01-12-2021 15:50:24.794970,76.79644
741,01-12-2021 15:50:25.591880,75.29063
742,01-12-2021 15:50:26.466920,68.56827
743,01-12-2021 15:50:27.341960,68.56825
744,01-12-2021 15:50:28.123250,76.79644
745,01-12-2021 15:50:29.013920,67.3653
746,01-12-2021 15:50:29.920210,66.20383
747,01-12-2021 15:50:30.732750,73.84273
748,01-12-2021 15:50:31.576540,71.10782
749,01-12-2021 15:50:32.451580,68.56825
750,01-12-2021 15:50:33.420370,61.93262
751,01-12-2021 15:50:34.264160,71.10782
752,01-12-2021 15:50:35.326710,56.46796
753,01-12-2021 15:50:36.373630,57.31078
754,01-12-2021 15:50:37.295550,65.08173
755,01-12-2021 15:50:38.233090,63.99704
756,01-12-2021 15:50:39.201890,61.93262
757,01-12-2021 15:50:40.123810,65.08173
758,01-12-2021 15:50:40.920720,75.29063
759,01-12-2021 15:50:41.780130,69.81495
760,01-12-2021 15:50:42.545790,78.36371
761,01-12-2021 15:50:43.295830,79.99628
762,01-12-2021 15:50:44.030240,81.69836
763,01-12-2021 15:50:44.764650,81.69833
764,01-12-2021 15:50:45.499060,81.69836
765,01-12-2021 15:50:46.202210,85.32937
766,01-12-2021 15:50:46.967870,78.36371
767,01-12-2021 15:50:47.717910,79.99632
768,01-12-2021 15:50:48.436690,83.47439
769,01-12-2021 15:50:49.171100,81.69833
770,01-12-2021 15:50:49.936760,78.36371
771,01-12-2021 15:50:50.718050,76.79646
772,01-12-2021 15:50:51.546210,72.44947
773,01-12-2021 15:50:52.390000,71.10782
774,01-12-2021 15:50:53.249410,69.81495
775,01-12-2021 15:50:54.061950,73.84273
776,01-12-2021 15:50:54.843240,76.79644
777,01-12-2021 15:50:55.593270,79.99632
778,01-12-2021 15:50:56.437060,71.10782
779,01-12-2021 15:50:57.296480,69.81495
780,01-12-2021 15:50:58.155890,69.81495
781,01-12-2021 15:50:59.124690,61.93262
782,01-12-2021 15:51:00.124730,59.99721
783,01-12-2021 15:51:01.031030,66.20383
784,01-12-2021 15:51:01.952940,65.08173
785,01-12-2021 15:51:02.921740,61.93262
786,01-12-2021 15:51:03.921780,59.99723
787,01-12-2021 15:51:04.874950,62.94791
788,01-12-2021 15:51:05.937500,56.46796
789,01-12-2021 15:51:06.953170,59.07419
790,01-12-2021 15:51:07.906340,62.94791
791,01-12-2021 15:51:08.687630,76.79644
792,01-12-2021 15:51:09.484540,75.29063
793,01-12-2021 15:51:10.250200,78.36374
794,01-12-2021 15:51:10.953360,85.32937
795,01-12-2021 15:51:11.656520,85.32937
796,01-12-2021 15:51:12.469050,73.84275
797,01-12-2021 15:51:13.281590,73.84273
798,01-12-2021 15:51:14.187880,66.20383
799,01-12-2021 15:51:15.109800,65.08173
800,01-12-2021 15:51:15.937970,72.44947
801,01-12-2021 15:51:16.906760,61.93262
802,01-12-2021 15:51:17.766180,69.81495
803,01-12-2021 15:51:18.578710,73.84273
804,01-12-2021 15:51:19.438130,69.81495
805,01-12-2021 15:51:20.219410,76.79644
806,01-12-2021 15:51:20.985070,78.36371
807,01-12-2021 15:51:21.813240,72.44947
808,01-12-2021 15:51:22.750780,63.99704
809,01-12-2021 15:51:23.594570,71.10782
810,01-12-2021 15:51:24.516490,65.08173
811,01-12-2021 15:51:25.454030,63.99704
812,01-12-2021 15:51:26.344700,67.3653
813,01-12-2021 15:51:27.172860,72.44947
814,01-12-2021 15:51:28.001020,72.44949
815,01-12-2021 15:51:28.876060,68.56825
816,01-12-2021 15:51:29.704230,72.44947
817,01-12-2021 15:51:30.532390,72.44947
818,01-12-2021 15:51:31.407430,68.56825
819,01-12-2021 15:51:32.313720,66.20383
820,01-12-2021 15:51:33.204390,67.3653
821,01-12-2021 15:51:34.126310,65.08173
822,01-12-2021 15:51:34.985720,69.81495
823,01-12-2021 15:51:35.767010,76.79644
824,01-12-2021 15:51:36.548300,76.79644
825,01-12-2021 15:51:37.329580,76.79644
826,01-12-2021 15:51:38.095240,78.36374
827,01-12-2021 15:51:38.954660,69.81495
828,01-12-2021 15:51:39.907830,62.94791
829,01-12-2021 15:51:40.751610,71.10782
830,01-12-2021 15:51:41.626660,68.56825
831,01-12-2021 15:51:42.548570,65.08173
832,01-12-2021 15:51:43.329860,76.79644
833,01-12-2021 15:51:44.111150,76.79644
834,01-12-2021 15:51:44.908060,75.29063
835,01-12-2021 15:51:45.876850,61.93262
836,01-12-2021 15:51:46.798770,65.08173
837,01-12-2021 15:51:47.783190,60.94956
838,01-12-2021 15:51:48.611350,72.44947
839,01-12-2021 15:51:57.017990,89.2982
840,01-12-2021 15:52:07.940370,109.7092
841,01-12-2021 15:52:08.565400,95.99557
842,01-12-2021 15:52:09.127930,106.6617
843,01-12-2021 15:52:09.737330,98.45695
844,01-12-2021 15:52:10.331110,101.048
845,01-12-2021 15:52:10.987390,91.42432
846,01-12-2021 15:52:11.596790,98.45699
847,01-12-2021 15:52:12.237450,93.65421
848,01-12-2021 15:52:12.862480,95.99553
849,01-12-2021 15:52:20.675340,79.99632
850,01-12-2021 15:52:21.441000,78.36371
851,01-12-2021 15:52:22.441050,59.99723
852,01-12-2021 15:52:23.394210,62.94789
853,01-12-2021 15:52:24.253630,69.81495
854,01-12-2021 15:52:25.191170,63.99704
855,01-12-2021 15:52:26.159970,61.93262
856,01-12-2021 15:52:27.128760,61.93262
857,01-12-2021 15:52:28.066310,63.99704
858,01-12-2021 15:52:28.956970,67.3653
859,01-12-2021 15:52:29.957020,59.99723
860,01-12-2021 15:52:30.988320,58.17912
861,01-12-2021 15:52:31.988360,59.99723
862,01-12-2021 15:52:32.957160,61.93262
863,01-12-2021 15:52:33.988460,58.17912
864,01-12-2021 15:52:41.988830,68.56825
865,01-12-2021 15:52:42.754490,78.36374
866,01-12-2021 15:52:43.551400,75.29063
867,01-12-2021 15:52:44.363940,73.84273
868,01-12-2021 15:52:45.082720,83.47439
869,01-12-2021 15:52:45.801500,83.47441
870,01-12-2021 15:52:46.535910,81.69833
871,01-12-2021 15:52:47.473450,63.99704
872,01-12-2021 15:52:48.254740,76.79644
873,01-12-2021 15:52:49.082900,72.44947
874,01-12-2021 15:52:57.145780,75.29063
875,01-12-2021 15:52:57.973940,72.44947
876,01-12-2021 15:52:58.848980,68.56825
877,01-12-2021 15:52:59.630270,76.79646
878,01-12-2021 15:53:00.349050,83.47439
879,01-12-2021 15:53:01.192840,71.10782
880,01-12-2021 15:53:02.083510,67.3653
881,01-12-2021 15:53:02.911670,72.44947
882,01-12-2021 15:53:03.771080,69.81495
883,01-12-2021 15:53:04.661750,67.3653
884,01-12-2021 15:53:05.552420,67.3653
885,01-12-2021 15:53:06.396210,71.10782
886,01-12-2021 15:53:07.177490,76.79644
887,01-12-2021 15:53:07.974400,75.29065
888,01-12-2021 15:53:08.833820,69.81495
889,01-12-2021 15:53:09.661980,72.44947
890,01-12-2021 15:53:10.521400,69.81495
891,01-12-2021 15:53:11.427690,66.20383
892,01-12-2021 15:53:12.271480,71.10782
893,01-12-2021 15:53:13.068390,75.29063
894,01-12-2021 15:53:14.021560,62.94791
895,01-12-2021 15:53:14.896600,68.56825
896,01-12-2021 15:53:15.693510,75.29063
897,01-12-2021 15:53:16.506050,73.84273
898,01-12-2021 15:53:17.365460,69.81495
899,01-12-2021 15:53:18.162380,75.29065
900,01-12-2021 15:53:18.928040,78.36371
901,01-12-2021 15:53:19.724950,75.29063
902,01-12-2021 15:53:20.521860,75.29063
903,01-12-2021 15:53:21.428150,66.20383
904,01-12-2021 15:53:22.303190,68.56825
905,01-12-2021 15:53:23.084480,76.79646
906,01-12-2021 15:53:23.928270,71.10782
907,01-12-2021 15:53:24.803310,68.56825
908,01-12-2021 15:53:25.740850,63.99704
909,01-12-2021 15:53:26.615890,68.56825
910,01-12-2021 15:53:27.444060,72.44947
911,01-12-2021 15:53:28.319100,68.56825
912,01-12-2021 15:53:29.162890,71.10782
913,01-12-2021 15:53:30.006670,71.10782
914,01-12-2021 15:53:30.772340,78.36371
915,01-12-2021 15:53:31.569250,75.29063
916,01-12-2021 15:53:32.475540,66.20383
917,01-12-2021 15:53:33.475590,59.99723
918,01-12-2021 15:53:40.007140,69.81495
919,01-12-2021 15:53:40.850930,71.10782
920,01-12-2021 15:53:41.835350,60.94956
921,01-12-2021 15:53:42.741640,66.20383
922,01-12-2021 15:53:43.710430,61.93262
923,01-12-2021 15:53:44.601100,67.3653
924,01-12-2021 15:53:45.476140,68.56825
925,01-12-2021 15:53:46.382430,66.20383
926,01-12-2021 15:53:47.288720,66.20383
927,01-12-2021 15:53:48.210640,65.08173
928,01-12-2021 15:53:49.101310,67.3653
929,01-12-2021 15:53:49.991980,67.3653
930,01-12-2021 15:53:50.898270,66.20383
931,01-12-2021 15:53:51.820180,65.08173
932,01-12-2021 15:53:52.695230,68.56825
933,01-12-2021 15:53:53.539010,71.10782
934,01-12-2021 15:53:54.507810,61.93262
935,01-12-2021 15:53:55.445350,63.99702
936,01-12-2021 15:53:56.320390,68.56825
937,01-12-2021 15:53:57.211060,67.3653
938,01-12-2021 15:53:57.945470,81.69836
939,01-12-2021 15:53:58.664250,83.47439
940,01-12-2021 15:53:59.476790,73.84273
941,01-12-2021 15:54:00.258080,76.79646
942,01-12-2021 15:54:01.023740,78.36371
943,01-12-2021 15:54:01.898780,68.56825
944,01-12-2021 15:54:02.711310,73.84273
945,01-12-2021 15:54:03.445720,81.69833
946,01-12-2021 15:54:04.211380,78.36374
947,01-12-2021 15:54:04.945790,81.69833
948,01-12-2021 15:54:05.695830,79.99628
949,01-12-2021 15:54:06.477110,76.79646
950,01-12-2021 15:54:07.258400,76.79644
951,01-12-2021 15:54:08.008430,79.99628
952,01-12-2021 15:54:08.774100,78.36371
953,01-12-2021 15:54:09.602260,72.44947
954,01-12-2021 15:54:10.383540,76.79646
955,01-12-2021 15:54:11.196080,73.84273
956,01-12-2021 15:54:11.992990,75.29063
957,01-12-2021 15:54:12.836780,71.10782
958,01-12-2021 15:54:24.540450,103.779
959,01-12-2021 15:54:25.165480,95.99553
960,01-12-2021 15:54:25.728010,106.6617
961,01-12-2021 15:54:26.462410,81.69833
962,01-12-2021 15:54:27.040570,103.779
963,01-12-2021 15:54:27.790600,79.99628
964,01-12-2021 15:54:32.322060,85.32937
965,01-12-2021 15:54:33.181480,69.81495
966,01-12-2021 15:54:42.510030,81.69833
967,01-12-2021 15:54:43.260070,79.99628
968,01-12-2021 15:54:44.010100,79.99632
969,01-12-2021 15:54:44.775760,78.36371
970,01-12-2021 15:54:45.525800,79.99628
971,01-12-2021 15:54:46.338330,73.84273
972,01-12-2021 15:54:47.088370,79.99632
973,01-12-2021 15:54:47.869660,76.79644
974,01-12-2021 15:54:48.635320,78.36371
975,01-12-2021 15:54:49.463480,72.44947
976,01-12-2021 15:54:50.322890,69.81495
977,01-12-2021 15:54:51.135430,73.84275
978,01-12-2021 15:54:51.947970,73.84273
979,01-12-2021 15:54:52.729260,76.79644
980,01-12-2021 15:54:53.448040,83.47439
981,01-12-2021 15:54:54.166820,83.47441
982,01-12-2021 15:54:54.963730,75.29063
983,01-12-2021 15:54:55.698140,81.69833
984,01-12-2021 15:54:56.541930,71.10782
985,01-12-2021 15:54:57.370100,72.44949
986,01-12-2021 15:54:58.026380,91.42432
987,01-12-2021 15:54:58.838910,73.84273
988,01-12-2021 15:54:59.620200,76.79644
989,01-12-2021 15:55:00.401490,76.79646
990,01-12-2021 15:55:01.167150,78.36371
991,01-12-2021 15:55:01.964060,75.29063
992,01-12-2021 15:55:02.760970,75.29063
993,01-12-2021 15:55:03.557880,75.29065
994,01-12-2021 15:55:04.339170,76.79644
995,01-12-2021 15:55:05.198580,69.81495
996,01-12-2021 15:55:06.089250,67.3653
997,01-12-2021 15:55:06.917410,72.44947
998,01-12-2021 15:55:07.745580,72.44947
999,01-12-2021 15:55:08.589370,71.10782
1000,01-12-2021 15:55:09.448780,69.81495
1001,01-12-2021 15:55:10.276940,72.44947
1002,01-12-2021 15:55:11.136360,69.81495
1003,01-12-2021 15:55:11.980150,71.10783
1004,01-12-2021 15:55:12.839560,69.81495
1005,01-12-2021 15:55:13.667730,72.44947
1006,01-12-2021 15:55:14.527140,69.81495
1007,01-12-2021 15:55:15.355300,72.44947
1008,01-12-2021 15:55:16.120960,78.36371
1009,01-12-2021 15:55:16.855370,81.69836
1010,01-12-2021 15:55:17.574160,83.47439
1011,01-12-2021 15:55:18.355440,76.79644
1012,01-12-2021 15:55:19.214860,69.81495
1013,01-12-2021 15:55:20.027400,73.84273
1014,01-12-2021 15:55:20.777430,79.99632
1015,01-12-2021 15:55:21.449340,89.29817
1016,01-12-2021 15:55:22.246250,75.29063
1017,01-12-2021 15:55:22.965030,83.47441
1018,01-12-2021 15:55:23.683810,83.47439
1019,01-12-2021 15:55:24.418220,81.69833
1020,01-12-2021 15:55:25.137010,83.47441
1021,01-12-2021 15:55:25.855790,83.47439
1022,01-12-2021 15:55:26.558950,85.3294
1023,01-12-2021 15:55:27.277730,83.47439
1024,01-12-2021 15:55:28.012140,81.69833
1025,01-12-2021 15:55:28.715300,85.3294
1026,01-12-2021 15:55:29.512210,75.29063
1027,01-12-2021 15:55:30.293500,76.79644
1028,01-12-2021 15:55:31.090410,75.29063
1029,01-12-2021 15:55:32.012330,65.08173
1030,01-12-2021 15:55:32.949870,63.99704
1031,01-12-2021 15:55:33.809280,69.81495
1032,01-12-2021 15:55:34.684320,68.56825
1033,01-12-2021 15:55:35.590620,66.20383
1034,01-12-2021 15:55:36.465660,68.56825
1035,01-12-2021 15:55:37.293820,72.44947
1036,01-12-2021 15:55:38.200110,66.20383
1037,01-12-2021 15:55:39.153280,62.94791
1038,01-12-2021 15:55:40.043950,67.3653
1039,01-12-2021 15:55:40.950240,66.20383
1040,01-12-2021 15:55:41.887780,63.99704
1041,01-12-2021 15:55:42.825330,63.99704
1042,01-12-2021 15:55:43.637860,73.84273
1043,01-12-2021 15:55:44.434780,75.29063
1044,01-12-2021 15:55:45.262940,72.44947
1045,01-12-2021 15:55:46.044220,76.79646
1046,01-12-2021 15:55:46.888010,71.10782
1047,01-12-2021 15:55:47.747430,69.81495
1048,01-12-2021 15:55:48.653720,66.20383
1049,01-12-2021 15:55:49.560010,66.20383
1050,01-12-2021 15:55:50.481930,65.08173
1051,01-12-2021 15:55:51.388220,66.20383
1052,01-12-2021 15:55:52.216390,72.44947
1053,01-12-2021 15:55:53.044550,72.44947
1054,01-12-2021 15:55:53.872710,72.44947
1055,01-12-2021 15:55:54.638370,78.36371
1056,01-12-2021 15:55:55.450910,73.84273
1057,01-12-2021 15:55:56.263450,73.84275
1058,01-12-2021 15:55:57.091610,72.44947
1059,01-12-2021 15:55:58.044780,62.94791
1060,01-12-2021 15:55:58.997950,62.94789
1061,01-12-2021 15:55:59.857360,69.81495
1062,01-12-2021 15:56:00.763660,66.20383
1063,01-12-2021 15:56:01.623070,69.81495
1064,01-12-2021 15:56:08.373380,72.44947
1065,01-12-2021 15:56:09.310930,63.99704
1066,01-12-2021 15:56:10.139090,72.44947
1067,01-12-2021 15:56:10.936000,75.29063
1068,01-12-2021 15:56:11.779790,71.10782
1069,01-12-2021 15:56:12.576700,75.29065
1070,01-12-2021 15:56:13.389240,73.84273
1071,01-12-2021 15:56:14.186150,75.29063
1072,01-12-2021 15:56:14.998690,73.84273
1073,01-12-2021 15:56:15.795600,75.29063
1074,01-12-2021 15:56:16.608140,73.84275
1075,01-12-2021 15:56:17.436300,72.44947
1076,01-12-2021 15:56:18.326970,67.3653
1077,01-12-2021 15:56:19.186380,69.81495
1078,01-12-2021 15:56:20.030170,71.10782
1079,01-12-2021 15:56:20.936470,66.20383
1080,01-12-2021 15:56:21.842760,66.20383
1081,01-12-2021 15:56:22.749050,66.20383
1082,01-12-2021 15:56:28.499320,72.44947
1083,01-12-2021 15:56:29.358730,69.81495
1084,01-12-2021 15:56:40.312360,79.99628
1085,01-12-2021 15:56:41.046770,81.69833
1086,01-12-2021 15:56:41.765560,83.47441
1087,01-12-2021 15:56:42.484340,83.47439
1088,01-12-2021 15:56:43.250000,78.36371
1089,01-12-2021 15:56:44.015660,78.36374
1090,01-12-2021 15:56:44.765690,79.99628
1091,01-12-2021 15:56:45.546980,76.79644
1092,01-12-2021 15:56:46.375140,72.44947
1093,01-12-2021 15:56:47.312690,63.99704
1094,01-12-2021 15:56:48.172100,69.81495
1095,01-12-2021 15:56:49.047140,68.56825
1096,01-12-2021 15:56:49.984690,63.99704
1097,01-12-2021 15:56:50.890980,66.20383
1098,01-12-2021 15:56:51.797270,66.20383
1099,01-12-2021 15:56:52.672310,68.56825
1100,01-12-2021 15:56:53.469220,75.29063
1101,01-12-2021 15:56:54.281760,73.84273
1102,01-12-2021 15:56:55.094300,73.84275
1103,01-12-2021 15:56:55.953710,69.81495
1104,01-12-2021 15:56:56.922510,61.93262
1105,01-12-2021 15:56:57.922550,59.99721
1106,01-12-2021 15:56:58.844470,65.08173
1107,01-12-2021 15:56:59.813270,61.93262
1108,01-12-2021 15:57:00.766440,62.94791
1109,01-12-2021 15:57:01.672730,66.20383
1110,01-12-2021 15:57:02.579020,66.20383
1111,01-12-2021 15:57:03.532190,62.94791
1112,01-12-2021 15:57:04.500980,61.9326
1113,01-12-2021 15:57:05.407280,66.20383
1114,01-12-2021 15:57:06.313570,66.20383
1115,01-12-2021 15:57:07.266740,62.94791
1116,01-12-2021 15:57:08.157400,67.3653
1117,01-12-2021 15:57:09.016820,69.81495
1118,01-12-2021 15:57:09.891860,68.56825
1119,01-12-2021 15:57:10.751270,69.81495
1120,01-12-2021 15:57:11.595060,71.10782
1121,01-12-2021 15:57:12.454480,69.81495
1122,01-12-2021 15:57:13.267010,73.84275
1123,01-12-2021 15:57:14.095180,72.44947
1124,01-12-2021 15:57:14.954590,69.81495
1125,01-12-2021 15:57:15.814010,69.81495
1126,01-12-2021 15:57:16.735930,65.08173
1127,01-12-2021 15:57:17.673470,63.99704
1128,01-12-2021 15:57:18.657890,60.94955
1129,01-12-2021 15:57:19.532930,68.56825
1130,01-12-2021 15:57:20.454850,65.08173
1131,01-12-2021 15:57:21.376770,65.08173
1132,01-12-2021 15:57:22.283060,66.20383
1133,01-12-2021 15:57:23.173720,67.3653
1134,01-12-2021 15:57:23.986260,73.84273
1135,01-12-2021 15:57:24.845680,69.81495
1136,01-12-2021 15:57:25.673840,72.44949
1137,01-12-2021 15:57:26.470750,75.29063
1138,01-12-2021 15:57:34.689880,87.26867
1139,01-12-2021 15:57:35.221160,112.936
1140,01-12-2021 15:57:56.737780,98.45695
1141,01-12-2021 15:57:57.394060,91.42435
1142,01-12-2021 15:57:58.019090,95.99557
1143,01-12-2021 15:57:58.644120,95.99553
1144,01-12-2021 15:57:59.347270,85.3294
1145,01-12-2021 15:58:00.112930,78.36371
1146,01-12-2021 15:58:00.816090,85.32937
1147,01-12-2021 15:58:01.550500,81.69836
1148,01-12-2021 15:58:02.284910,81.69833
1149,01-12-2021 15:58:02.988070,85.32937
1150,01-12-2021 15:58:03.691220,85.3294
1151,01-12-2021 15:58:04.425630,81.69833
1152,01-12-2021 15:58:05.144420,83.47439
1153,01-12-2021 15:58:05.925700,76.79646
1154,01-12-2021 15:58:06.613240,87.26867
1155,01-12-2021 15:58:07.457020,71.10782
1156,01-12-2021 15:58:08.238310,76.79644
1157,01-12-2021 15:58:09.019600,76.79646
1158,01-12-2021 15:58:09.738380,83.47439
1159,01-12-2021 15:58:10.441540,85.32937
1160,01-12-2021 15:58:11.066570,95.99557
1161,01-12-2021 15:58:11.738470,89.2982
1162,01-12-2021 15:58:12.504130,78.36371
1163,01-12-2021 15:58:13.207290,85.32937
1164,01-12-2021 15:58:24.754700,101.048
1165,01-12-2021 15:58:46.224440,106.6617
1166,01-12-2021 15:58:46.833850,98.45695
1167,01-12-2021 15:58:47.427630,101.048
1168,01-12-2021 15:58:48.021400,101.048
1169,01-12-2021 15:58:48.630810,98.45695
1170,01-12-2021 15:58:49.240210,98.45699
1171,01-12-2021 15:58:49.849610,98.45695
1172,01-12-2021 15:58:50.459020,98.45699
1173,01-12-2021 15:58:51.130920,89.2982
1174,01-12-2021 15:58:51.802830,89.29817
1175,01-12-2021 15:58:52.474730,89.29817
1176,01-12-2021 15:58:53.162270,87.2687
1177,01-12-2021 15:58:53.865420,85.32937
1178,01-12-2021 15:58:54.584210,83.47441
1179,01-12-2021 15:58:55.287360,85.32937
1180,01-12-2021 15:58:56.021770,81.69833
1181,01-12-2021 15:58:56.771810,79.99632
1182,01-12-2021 15:58:57.506220,81.69833
1183,01-12-2021 15:58:58.240630,81.69833
1184,01-12-2021 15:58:59.021910,76.79646
1185,01-12-2021 15:58:59.787570,78.36371
1186,01-12-2021 15:59:00.568860,76.79644
1187,01-12-2021 15:59:01.365770,75.29063
1188,01-12-2021 15:59:02.209560,71.10783
1189,01-12-2021 15:59:02.990850,76.79644
1190,01-12-2021 15:59:03.709630,83.47439
1191,01-12-2021 15:59:13.444460,78.36371
1192,01-12-2021 15:59:14.163240,83.47441
1193,01-12-2021 15:59:14.788270,95.99553
1194,01-12-2021 15:59:15.475800,87.2687
1195,01-12-2021 15:59:16.225830,79.99628
1196,01-12-2021 15:59:16.913370,87.26867
1197,01-12-2021 15:59:17.679030,78.36374
1198,01-12-2021 15:59:18.554070,68.56825
1199,01-12-2021 15:59:19.429110,68.56825
1200,01-12-2021 15:59:20.335400,66.20383
1201,01-12-2021 15:59:21.210440,68.56825
1202,01-12-2021 15:59:22.101110,67.3653
1203,01-12-2021 15:59:22.976150,68.56825
1204,01-12-2021 15:59:23.773060,75.29063
1205,01-12-2021 15:59:24.601220,72.44947
1206,01-12-2021 15:59:25.445010,71.10782
1207,01-12-2021 15:59:26.288800,71.10782
1208,01-12-2021 15:59:27.320100,58.17913
1209,01-12-2021 15:59:31.148400,75.29063
1210,01-12-2021 15:59:31.992190,71.10782
1211,01-12-2021 15:59:32.804730,73.84273
1212,01-12-2021 15:59:33.601640,75.29065
1213,01-12-2021 15:59:34.398550,75.29063
1214,01-12-2021 15:59:46.414730,72.44947
1215,01-12-2021 15:59:47.211640,75.29063
1216,01-12-2021 15:59:48.008560,75.29063
1217,01-12-2021 15:59:48.821090,73.84273
1218,01-12-2021 15:59:49.680510,69.81495
1219,01-12-2021 15:59:50.430540,79.99632
1220,01-12-2021 15:59:51.196200,78.36371
1221,01-12-2021 15:59:51.961860,78.36371
1222,01-12-2021 15:59:52.696270,81.69833
1223,01-12-2021 15:59:53.383810,87.2687
1224,01-12-2021 15:59:54.118210,81.69833
1225,01-12-2021 15:59:54.977630,69.81495
1226,01-12-2021 15:59:55.758910,76.79646
1227,01-12-2021 15:59:56.633960,68.56825
1228,01-12-2021 16:00:01.696690,76.79644
1229,01-12-2021 16:00:02.571730,68.56825
1230,01-12-2021 16:00:03.431150,69.81495
1231,01-12-2021 16:00:04.228060,75.29063
1232,01-12-2021 16:00:05.071850,71.10783
1233,01-12-2021 16:00:05.853130,76.79644
1234,01-12-2021 16:00:06.728170,68.56825
1235,01-12-2021 16:00:07.650090,65.08173
1236,01-12-2021 16:00:08.478250,72.44947
1237,01-12-2021 16:00:09.353290,68.56825
1238,01-12-2021 16:00:10.181460,72.44947
1239,01-12-2021 16:00:11.072120,67.3653
1240,01-12-2021 16:00:11.915910,71.10782
1241,01-12-2021 16:00:12.884710,61.93262
1242,01-12-2021 16:00:13.869130,60.94956
1243,01-12-2021 16:00:14.728540,69.81495
1244,01-12-2021 16:00:15.556710,72.44947
1245,01-12-2021 16:00:16.416120,69.81495
1246,01-12-2021 16:00:17.291160,68.56825
1247,01-12-2021 16:00:18.181830,67.3653
1248,01-12-2021 16:00:19.291260,54.082
1249,01-12-2021 16:00:20.260050,61.93262
1250,01-12-2021 16:00:21.181970,65.08173
1251,01-12-2021 16:00:22.103890,65.08173
1252,01-12-2021 16:00:23.041430,63.99704
1253,01-12-2021 16:00:23.885220,71.10782
1254,01-12-2021 16:00:24.869640,60.94956
1255,01-12-2021 16:00:25.854060,60.94956
1256,01-12-2021 16:00:26.697850,71.10782
1257,01-12-2021 16:00:27.572890,68.56825
1258,01-12-2021 16:00:28.432300,69.81495
1259,01-12-2021 16:00:29.322970,67.3653
1260,01-12-2021 16:00:30.260510,63.99704
1261,01-12-2021 16:00:31.229310,61.9326
1262,01-12-2021 16:00:32.135600,66.20383
1263,01-12-2021 16:00:33.041890,66.20383
1264,01-12-2021 16:00:33.979440,63.99704
1265,01-12-2021 16:00:34.838850,69.81495
1266,01-12-2021 16:00:35.745140,66.20383
1267,01-12-2021 16:00:36.682690,63.99704
1268,01-12-2021 16:00:37.573350,67.3653
1269,01-12-2021 16:00:38.479640,66.20383
1270,01-12-2021 16:00:39.448440,61.93262
1271,01-12-2021 16:00:40.432860,60.94956
1272,01-12-2021 16:00:41.307900,68.56825
1273,01-12-2021 16:00:42.229820,65.08173
1274,01-12-2021 16:00:43.182990,62.94789
1275,01-12-2021 16:00:44.073650,67.3653
1276,01-12-2021 16:00:44.995570,65.08173
1277,01-12-2021 16:00:45.964370,61.93262
1278,01-12-2021 16:00:46.917530,62.94791
1279,01-12-2021 16:00:47.823830,66.20383
1280,01-12-2021 16:00:48.730120,66.20383
1281,01-12-2021 16:00:49.558280,72.44947
1282,01-12-2021 16:00:50.402070,71.10782
1283,01-12-2021 16:00:51.355240,62.94791
1284,01-12-2021 16:00:52.199030,71.10782
1285,01-12-2021 16:00:53.074070,68.56825
1286,01-12-2021 16:00:53.995990,65.08173
1287,01-12-2021 16:00:54.839780,71.10782
1288,01-12-2021 16:00:55.667940,72.44947
1289,01-12-2021 16:00:56.527350,69.81495
1290,01-12-2021 16:00:57.449270,65.08173
1291,01-12-2021 16:00:58.339940,67.3653
1292,01-12-2021 16:00:59.214980,68.56825
1293,01-12-2021 16:01:00.105650,67.3653
1294,01-12-2021 16:01:00.965060,69.81495
1295,01-12-2021 16:01:01.730720,78.36374
1296,01-12-2021 16:01:02.496380,78.36371
1297,01-12-2021 16:01:03.262040,78.36371
1298,01-12-2021 16:01:04.090200,72.44947
1299,01-12-2021 16:01:04.887120,75.29063
1300,01-12-2021 16:01:05.762160,68.56825
1301,01-12-2021 16:01:06.668450,66.20383
1302,01-12-2021 16:01:07.559120,67.3653
1303,01-12-2021 16:01:08.387280,72.44947
1304,01-12-2021 16:01:09.215440,72.44949
1305,01-12-2021 16:01:10.090480,68.56825
1306,01-12-2021 16:01:11.012400,65.08173
1307,01-12-2021 16:01:11.856190,71.10782
1308,01-12-2021 16:01:12.715600,69.81495
1309,01-12-2021 16:01:13.606270,67.3653
1310,01-12-2021 16:01:14.481310,68.56825
1311,01-12-2021 16:01:15.278220,75.29063
1312,01-12-2021 16:01:16.200140,65.08173
1313,01-12-2021 16:01:17.028300,72.44947
1314,01-12-2021 16:01:17.872090,71.10782
1315,01-12-2021 16:01:18.825260,62.94791
1316,01-12-2021 16:01:19.794060,61.93262
1317,01-12-2021 16:01:20.637850,71.10782
1318,01-12-2021 16:01:21.559760,65.08173
1319,01-12-2021 16:01:22.637940,55.64959
1320,01-12-2021 16:01:23.731740,54.85461
1321,01-12-2021 16:01:24.716160,60.94956
1322,01-12-2021 16:01:25.747460,58.17912
1323,01-12-2021 16:01:26.825630,55.6496
1324,01-12-2021 16:01:27.841300,59.07419
1325,01-12-2021 16:01:28.903850,56.46796
1326,01-12-2021 16:01:29.997650,54.85461
1327,01-12-2021 16:01:31.091460,54.8546
1328,01-12-2021 16:01:32.107130,59.07419
1329,01-12-2021 16:01:33.185300,55.64959
1330,01-12-2021 16:01:34.263480,55.6496
1331,01-12-2021 16:01:35.263520,59.99723
1332,01-12-2021 16:01:36.169820,66.20383
1333,01-12-2021 16:01:37.169860,59.99721
1334,01-12-2021 16:01:38.232410,56.46798
1335,01-12-2021 16:01:39.232460,59.99723
1336,01-12-2021 16:01:40.326260,54.8546
1337,01-12-2021 16:01:41.357560,58.17913
1338,01-12-2021 16:01:42.310720,62.94791
1339,01-12-2021 16:01:43.201390,67.3653
1340,01-12-2021 16:01:44.076430,68.56825
1341,01-12-2021 16:01:44.888970,73.84273
1342,01-12-2021 16:01:45.639000,79.99628
1343,01-12-2021 16:01:46.482790,71.10782
1344,01-12-2021 16:01:47.264080,76.79646
1345,01-12-2021 16:01:48.014110,79.99628
1346,01-12-2021 16:01:48.811030,75.29063
1347,01-12-2021 16:01:49.545430,81.69836
1348,01-12-2021 16:01:50.264220,83.47439
1349,01-12-2021 16:01:51.061130,75.29063
1350,01-12-2021 16:01:51.811160,79.99628
1351,01-12-2021 16:01:52.576830,78.36374
1352,01-12-2021 16:01:53.342490,78.36371
1353,01-12-2021 16:01:54.108150,78.36371
1354,01-12-2021 16:01:54.858180,79.99632
1355,01-12-2021 16:01:55.608220,79.99628
1356,01-12-2021 16:01:56.373880,78.36371
1357,01-12-2021 16:01:57.092660,83.47439
1358,01-12-2021 16:01:57.795820,85.3294
1359,01-12-2021 16:01:58.530230,81.69833
1360,01-12-2021 16:01:59.280260,79.99632
1361,01-12-2021 16:01:59.983420,85.32937
1362,01-12-2021 16:02:00.764700,76.79644
1363,01-12-2021 16:02:01.530360,78.36371
1364,01-12-2021 16:02:02.280400,79.99632
1365,01-12-2021 16:02:02.983560,85.32937
1366,01-12-2021 16:02:03.702340,83.47441
1367,01-12-2021 16:02:04.374250,89.29817
1368,01-12-2021 16:02:05.093030,83.47439
1369,01-12-2021 16:02:05.811810,83.47441
1370,01-12-2021 16:02:06.530600,83.47439
1371,01-12-2021 16:02:07.218130,87.2687
1372,01-12-2021 16:02:08.046290,72.44947
1373,01-12-2021 16:02:08.702570,91.42432
1374,01-12-2021 16:02:09.624490,65.08173
1375,01-12-2021 16:02:10.390150,78.36371
1376,01-12-2021 16:02:11.265190,68.56825
1377,01-12-2021 16:02:11.999600,81.69836
1378,01-12-2021 16:02:12.827760,72.44947
1379,01-12-2021 16:02:13.609050,76.79644
1380,01-12-2021 16:02:14.390340,76.79644
1381,01-12-2021 16:02:15.140370,79.99632
1382,01-12-2021 16:02:15.984160,71.10782
1383,01-12-2021 16:02:16.874830,67.3653
1384,01-12-2021 16:02:17.687360,73.84273
1385,01-12-2021 16:02:18.546780,69.81495
1386,01-12-2021 16:02:19.484320,63.99704
1387,01-12-2021 16:02:20.296860,73.84273
1388,01-12-2021 16:02:21.093770,75.29063
1389,01-12-2021 16:02:21.921930,72.44947
1390,01-12-2021 16:02:22.843850,65.08173
1391,01-12-2021 16:02:23.765770,65.08173
1392,01-12-2021 16:02:24.578310,73.84273
1393,01-12-2021 16:02:25.437720,69.81495
1394,01-12-2021 16:02:26.515900,55.6496
1395,01-12-2021 16:02:27.437810,65.08173
1396,01-12-2021 16:02:28.375360,63.99704
1397,01-12-2021 16:02:29.312900,63.99704
1398,01-12-2021 16:02:30.203570,67.3653
1399,01-12-2021 16:02:31.141110,63.99704
1400,01-12-2021 16:02:32.141160,59.99721
1401,01-12-2021 16:02:32.906820,78.36374
1402,01-12-2021 16:02:33.813110,66.20383
1403,01-12-2021 16:02:34.688150,68.56825
1404,01-12-2021 16:02:35.485060,75.29063
1405,01-12-2021 16:02:36.344480,69.81495
1406,01-12-2021 16:02:37.266390,65.08173
1407,01-12-2021 16:02:38.172690,66.20383
1408,01-12-2021 16:02:39.063350,67.3653
1409,01-12-2021 16:02:40.063400,59.99721
1410,01-12-2021 16:02:40.907190,71.10782
1411,01-12-2021 16:02:41.719730,73.84275
1412,01-12-2021 16:02:42.532260,73.84273
1413,01-12-2021 16:02:43.376050,71.10782
1414,01-12-2021 16:02:44.313600,63.99704
1415,01-12-2021 16:02:45.251140,63.99704
1416,01-12-2021 16:02:46.282440,58.17912
1417,01-12-2021 16:02:47.360610,55.6496
1418,01-12-2021 16:02:48.329410,61.93262
1419,01-12-2021 16:02:49.329450,59.99721
1420,01-12-2021 16:02:50.345130,59.07419
1421,01-12-2021 16:02:51.313920,61.93262
1422,01-12-2021 16:02:52.267090,62.94791
1423,01-12-2021 16:02:53.298390,58.17913
1424,01-12-2021 16:02:54.329690,58.17912
1425,01-12-2021 16:02:55.282850,62.94791
1426,01-12-2021 16:02:56.298530,59.07419
1427,01-12-2021 16:02:57.361080,56.46796
1428,01-12-2021 16:02:58.329870,61.93262
1429,01-12-2021 16:02:59.220540,67.3653
1430,01-12-2021 16:03:00.189330,61.93262
1431,01-12-2021 16:03:01.142500,62.94791
1432,01-12-2021 16:03:01.986290,71.10782
1433,01-12-2021 16:03:02.783200,75.29063
1434,01-12-2021 16:03:03.533240,79.99628
1435,01-12-2021 16:03:04.298900,78.36374
1436,01-12-2021 16:03:05.127060,72.44947
1437,01-12-2021 16:03:06.002100,68.56825
1438,01-12-2021 16:03:06.970900,61.93262
1439,01-12-2021 16:03:07.830310,69.81495
1440,01-12-2021 16:03:08.689730,69.81495
1441,01-12-2021 16:03:09.517890,72.44947
1442,01-12-2021 16:03:10.299170,76.79644
1443,01-12-2021 16:03:11.111710,73.84273
1444,01-12-2021 16:03:11.752370,93.65421
1445,01-12-2021 16:03:12.533650,76.79644
1446,01-12-2021 16:03:13.143060,98.45699
1447,01-12-2021 16:03:13.846210,85.32937
1448,01-12-2021 16:03:14.565000,83.47439
1449,01-12-2021 16:03:15.299410,81.69836
1450,01-12-2021 16:03:16.033820,81.69833
1451,01-12-2021 16:03:16.846350,73.84273
1452,01-12-2021 16:03:17.627640,76.79646
1453,01-12-2021 16:03:18.471430,71.10782
1454,01-12-2021 16:03:19.299590,72.44947
1455,01-12-2021 16:03:20.080880,76.79644
1456,01-12-2021 16:03:20.846540,78.36371
1457,01-12-2021 16:03:21.596570,79.99632
1458,01-12-2021 16:03:22.518490,65.08172
1459,01-12-2021 16:03:23.393530,68.56827
1460,01-12-2021 16:03:24.206070,73.84273
1461,01-12-2021 16:03:25.018610,73.84273
1462,01-12-2021 16:03:25.846770,72.44947
1463,01-12-2021 16:03:26.721810,68.56825
1464,01-12-2021 16:03:27.628100,66.20383
1465,01-12-2021 16:03:28.471890,71.10782
1466,01-12-2021 16:03:29.315680,71.10782
1467,01-12-2021 16:03:30.190720,68.56825
1468,01-12-2021 16:03:31.112640,65.08173
1469,01-12-2021 16:03:31.972050,69.81495
1470,01-12-2021 16:03:32.847090,68.56825
1471,01-12-2021 16:03:33.784640,63.99704
1472,01-12-2021 16:03:34.690930,66.20383
1473,01-12-2021 16:03:35.597220,66.20383
1474,01-12-2021 16:03:36.612890,59.07419
1475,01-12-2021 16:03:37.597310,60.94955
1476,01-12-2021 16:03:38.519230,65.08173
1477,01-12-2021 16:03:39.456780,63.99704
1478,01-12-2021 16:03:40.441200,60.94956
1479,01-12-2021 16:03:41.316240,68.56825
1480,01-12-2021 16:03:47.066500,91.42432
1481,01-12-2021 16:03:47.691530,95.99557
1482,01-12-2021 16:03:48.316560,95.99553
1483,01-12-2021 16:03:48.988470,89.2982
1484,01-12-2021 16:03:49.566620,103.7789
1485,01-12-2021 16:03:50.238520,89.2982
1486,01-12-2021 16:03:50.957310,83.47439
1487,01-12-2021 16:03:51.691720,81.69836
1488,01-12-2021 16:03:57.879500,68.56825
1489,01-12-2021 16:03:58.645160,78.36371
1490,01-12-2021 16:03:59.410820,78.36371
1491,01-12-2021 16:04:00.145230,81.69836
1492,01-12-2021 16:04:01.129650,60.94955
1493,01-12-2021 16:04:02.160950,58.17913
1494,01-12-2021 16:04:03.082870,65.08173
1495,01-12-2021 16:04:04.036040,62.94791
1496,01-12-2021 16:04:04.942330,66.20383
1497,01-12-2021 16:04:05.707990,78.36371
1498,01-12-2021 16:04:06.473650,78.36371
1499,01-12-2021 16:04:07.317440,71.10782
1500,01-12-2021 16:04:08.036220,83.47441
1501,01-12-2021 16:04:08.739380,85.32937
1502,01-12-2021 16:04:09.473790,81.69833
1503,01-12-2021 16:04:10.208200,81.69836
1504,01-12-2021 16:04:10.958230,79.99628
1505,01-12-2021 16:04:11.723890,78.36371
1506,01-12-2021 16:04:12.473930,79.99632
1507,01-12-2021 16:04:13.239590,78.36371
1508,01-12-2021 16:04:13.974000,81.69833
1509,01-12-2021 16:04:14.708410,81.69836
1510,01-12-2021 16:04:15.458440,79.99628
1511,01-12-2021 16:04:16.302230,71.10782
1512,01-12-2021 16:04:17.099140,75.29063
1513,01-12-2021 16:04:17.927310,72.44947
1514,01-12-2021 16:04:18.771100,71.10782
1515,01-12-2021 16:04:19.599260,72.44949
1516,01-12-2021 16:04:20.396170,75.29063
1517,01-12-2021 16:04:21.255590,69.81495
1518,01-12-2021 16:04:22.146250,67.3653
1519,01-12-2021 16:04:23.115050,61.93262
1520,01-12-2021 16:04:24.052590,63.99702
1521,01-12-2021 16:04:25.052640,59.99723
1522,01-12-2021 16:04:26.021430,61.93262
1523,01-12-2021 16:04:26.927720,66.20383
1524,01-12-2021 16:04:27.834020,66.20383
1525,01-12-2021 16:04:28.802810,61.93262
1526,01-12-2021 16:04:29.662230,69.81495
1527,01-12-2021 16:04:30.568520,66.20383
1528,01-12-2021 16:04:31.506060,63.99704
1529,01-12-2021 16:04:32.427980,65.08173
1530,01-12-2021 16:04:33.381150,62.94789
1531,01-12-2021 16:04:34.381190,59.99723
1532,01-12-2021 16:04:35.318740,63.99704
1533,01-12-2021 16:04:36.225030,66.20383
1534,01-12-2021 16:04:37.146950,65.08173
1535,01-12-2021 16:04:38.037610,67.3653
1536,01-12-2021 16:04:38.959530,65.08173
1537,01-12-2021 16:04:39.975200,59.07419
1538,01-12-2021 16:04:40.912750,63.99702
1539,01-12-2021 16:04:41.850290,63.99704
1540,01-12-2021 16:04:42.819080,61.93262
1541,01-12-2021 16:04:43.662870,71.10782
1542,01-12-2021 16:04:44.491040,72.44947
1543,01-12-2021 16:04:45.272320,76.79646
1544,01-12-2021 16:04:46.084860,73.84273
1545,01-12-2021 16:04:46.819270,81.69833
1546,01-12-2021 16:04:47.522430,85.32937
1547,01-12-2021 16:04:48.241210,83.47441
1548,01-12-2021 16:04:49.022500,76.79644
1549,01-12-2021 16:04:49.835030,73.84273
1550,01-12-2021 16:04:50.631950,75.29063
1551,01-12-2021 16:04:51.491360,69.81496
1552,01-12-2021 16:04:52.366400,68.56825
1553,01-12-2021 16:04:53.194570,72.44947
1554,01-12-2021 16:04:54.053980,69.81495
1555,01-12-2021 16:04:54.850890,75.29063
1556,01-12-2021 16:04:55.600930,79.99628
1557,01-12-2021 16:04:56.382210,76.79644
1558,01-12-2021 16:04:57.194750,73.84275
1559,01-12-2021 16:04:58.069790,68.56825
1560,01-12-2021 16:04:59.022960,62.94791
1561,01-12-2021 16:05:00.085510,56.46796
1562,01-12-2021 16:05:01.054300,61.93262
1563,01-12-2021 16:05:01.866840,73.84273
1564,01-12-2021 16:05:02.663750,75.29063
1565,01-12-2021 16:05:03.616920,62.94791
1566,01-12-2021 16:05:04.523210,66.20383
1567,01-12-2021 16:05:05.367000,71.10782
1568,01-12-2021 16:05:06.288920,65.08173
1569,01-12-2021 16:05:07.179590,67.3653
1570,01-12-2021 16:05:08.007750,72.44947
1571,01-12-2021 16:05:08.851540,71.10782
1572,01-12-2021 16:05:09.710960,69.81495
1573,01-12-2021 16:05:10.507870,75.29065
1574,01-12-2021 16:05:11.304780,75.29063
1575,01-12-2021 16:05:12.101690,75.29063
1576,01-12-2021 16:05:12.804850,85.32937
1577,01-12-2021 16:05:13.570510,78.36374
1578,01-12-2021 16:05:14.289290,83.47439
1579,01-12-2021 16:05:15.164330,68.56825
1580,01-12-2021 16:05:15.898740,81.69833
1581,01-12-2021 16:05:16.773780,68.56825
1582,01-12-2021 16:05:17.508190,81.69836
1583,01-12-2021 16:05:18.289480,76.79644
1584,01-12-2021 16:05:19.070760,76.79644
1585,01-12-2021 16:05:19.852050,76.79644
1586,01-12-2021 16:05:20.773970,65.08173
1587,01-12-2021 16:05:21.617760,71.10782
1588,01-12-2021 16:05:22.570930,62.94791
1589,01-12-2021 16:05:23.477220,66.20383
1590,01-12-2021 16:05:24.352260,68.56825
1591,01-12-2021 16:05:25.211670,69.81495
1592,01-12-2021 16:05:26.008580,75.29065
1593,01-12-2021 16:05:26.789870,76.79644
1594,01-12-2021 16:05:27.649290,69.81495
1595,01-12-2021 16:05:28.493070,71.10782
1596,01-12-2021 16:05:29.414990,65.08173
1597,01-12-2021 16:05:30.258780,71.10782
1598,01-12-2021 16:05:31.133820,68.56825
1599,01-12-2021 16:05:32.055740,65.08173
1600,01-12-2021 16:05:33.040160,60.94956
1601,01-12-2021 16:05:33.837070,75.29063
1602,01-12-2021 16:05:34.696490,69.81495
1603,01-12-2021 16:05:35.493400,75.29063
1604,01-12-2021 16:05:36.352810,69.81495
1605,01-12-2021 16:05:37.180980,72.44947
1606,01-12-2021 16:05:38.149770,61.93262
1607,01-12-2021 16:05:39.149820,59.99723
1608,01-12-2021 16:05:40.102990,62.94791
1609,01-12-2021 16:05:41.071780,61.93262
1610,01-12-2021 16:05:42.103080,58.17912
1611,01-12-2021 16:05:43.056250,62.94791
1612,01-12-2021 16:05:43.946920,67.3653
1613,01-12-2021 16:05:44.946960,59.99723
1614,01-12-2021 16:05:45.868880,65.08173
1615,01-12-2021 16:05:46.743920,68.56825
1616,01-12-2021 16:05:47.728340,60.94955
1617,01-12-2021 16:05:48.712760,60.94956
1618,01-12-2021 16:05:49.665930,62.94791
1619,01-12-2021 16:05:50.650350,60.94956
1620,01-12-2021 16:05:51.666020,59.07419
1621,01-12-2021 16:05:52.619190,62.94789
1622,01-12-2021 16:05:53.587990,61.93262
1623,01-12-2021 16:05:54.588030,59.99723
1624,01-12-2021 16:05:55.619330,58.17913
1625,01-12-2021 16:05:56.556870,63.99704
1626,01-12-2021 16:05:57.525670,61.9326
1627,01-12-2021 16:05:58.572590,57.31078
1628,01-12-2021 16:05:59.557010,60.94956
1629,01-12-2021 16:06:00.572690,59.07418
1630,01-12-2021 16:06:01.619610,57.31078
1631,01-12-2021 16:06:02.650910,58.17913
1632,01-12-2021 16:06:03.619700,61.93262
1633,01-12-2021 16:06:07.651140,72.44947
1634,01-12-2021 16:06:08.666810,59.07419
1635,01-12-2021 16:06:09.635610,61.93262
1636,01-12-2021 16:06:10.526270,67.3653
1637,01-12-2021 16:06:11.588820,56.46798
1638,01-12-2021 16:06:12.495110,66.20383
1639,01-12-2021 16:06:13.370150,68.56825
1640,01-12-2021 16:06:14.276450,66.20383
1641,01-12-2021 16:06:15.229610,62.94789
1642,01-12-2021 16:06:16.198410,61.93262
1643,01-12-2021 16:06:17.042200,71.10782
1644,01-12-2021 16:06:17.995370,62.94791
1645,01-12-2021 16:06:18.854780,69.81495
1646,01-12-2021 16:06:19.698570,71.10782
1647,01-12-2021 16:06:20.526730,72.44947
1648,01-12-2021 16:06:21.354900,72.44949
1649,01-12-2021 16:06:22.120560,78.36371
1650,01-12-2021 16:06:22.979970,69.81495
1651,01-12-2021 16:06:23.886270,66.20383
1652,01-12-2021 16:06:24.855060,61.93262
1653,01-12-2021 16:06:25.651970,75.29063
1654,01-12-2021 16:06:26.464510,73.84273
1655,01-12-2021 16:06:27.183290,83.47439
1656,01-12-2021 16:06:27.948950,78.36374
1657,01-12-2021 16:06:28.667740,83.47439
1658,01-12-2021 16:06:29.386520,83.47439
1659,01-12-2021 16:06:30.167810,76.79646
1660,01-12-2021 16:06:30.995970,72.44947
1661,01-12-2021 16:06:31.871010,68.56825
1662,01-12-2021 16:06:32.855430,60.94956
1663,01-12-2021 16:06:33.824230,61.9326
1664,01-12-2021 16:06:34.730520,66.20383
1665,01-12-2021 16:06:35.636810,66.20383
1666,01-12-2021 16:06:36.511850,68.56825
1667,01-12-2021 16:06:37.355640,71.10782
1668,01-12-2021 16:06:38.168180,73.84275
1669,01-12-2021 16:06:39.011970,71.10782
1670,01-12-2021 16:06:39.887010,68.56825
1671,01-12-2021 16:06:40.746420,69.81495
1672,01-12-2021 16:06:41.699590,62.94791
1673,01-12-2021 16:06:42.715260,59.07418
1674,01-12-2021 16:06:43.559050,71.10782
1675,01-12-2021 16:06:44.418470,69.81495
1676,01-12-2021 16:06:45.340380,65.08173
1677,01-12-2021 16:06:46.356060,59.07419
1678,01-12-2021 16:06:47.231100,68.56825
1679,01-12-2021 16:06:48.168640,63.99704
1680,01-12-2021 16:06:49.168690,59.99723
1681,01-12-2021 16:06:50.106230,63.99704
1682,01-12-2021 16:06:51.059400,62.94789
1683,01-12-2021 16:06:52.059450,59.99723
1684,01-12-2021 16:06:53.012610,62.94791
1685,01-12-2021 16:06:53.965780,62.94791
1686,01-12-2021 16:06:54.997080,58.17913
1687,01-12-2021 16:06:55.919000,65.08172
1688,01-12-2021 16:06:56.840920,65.08173
1689,01-12-2021 16:06:57.762830,65.08173
1690,01-12-2021 16:06:58.716000,62.94791
1691,01-12-2021 16:06:59.622300,66.20383
1692,01-12-2021 16:07:00.497340,68.56825
1693,01-12-2021 16:07:01.341130,71.10782
1694,01-12-2021 16:07:02.169290,72.44947
1695,01-12-2021 16:07:03.013080,71.10782
1696,01-12-2021 16:07:03.997500,60.94956
1697,01-12-2021 16:07:04.966290,61.93262
1698,01-12-2021 16:07:05.841330,68.56825
1699,01-12-2021 16:07:06.857010,59.07419
1700,01-12-2021 16:07:07.732050,68.56825
1701,01-12-2021 16:07:08.575830,71.10782
1702,01-12-2021 16:07:09.278990,85.32937
1703,01-12-2021 16:07:10.107160,72.44947
1704,01-12-2021 16:07:10.810310,85.3294
1705,01-12-2021 16:07:11.575970,78.36371
1706,01-12-2021 16:07:12.326010,79.99628
1707,01-12-2021 16:07:13.060420,81.69836
1708,01-12-2021 16:07:13.810450,79.99628
1709,01-12-2021 16:07:14.638620,72.44947
1710,01-12-2021 16:07:15.544910,66.20383
1711,01-12-2021 16:07:16.404320,69.81495
1712,01-12-2021 16:07:17.294990,67.3653
1713,01-12-2021 16:07:18.310660,59.07419
1714,01-12-2021 16:07:19.341960,58.17913
1715,01-12-2021 16:07:20.263880,65.08172
1716,01-12-2021 16:07:21.248300,60.94956
1717,01-12-2021 16:07:22.248340,59.99723
1718,01-12-2021 16:07:23.201510,62.94791
1719,01-12-2021 16:07:24.123430,65.08173
1720,01-12-2021 16:07:25.045350,65.08173
1721,01-12-2021 16:07:25.982890,63.99704
1722,01-12-2021 16:07:26.857930,68.56825
1723,01-12-2021 16:07:27.795480,63.99702
1724,01-12-2021 16:07:28.842400,57.31078
1725,01-12-2021 16:07:29.795570,62.94791
1726,01-12-2021 16:07:30.779990,60.94956
1727,01-12-2021 16:07:31.780030,59.99721
1728,01-12-2021 16:07:32.717580,63.99704
1729,01-12-2021 16:07:33.670750,62.94791
1730,01-12-2021 16:07:34.655170,60.94956
1731,01-12-2021 16:07:35.592710,63.99704
1732,01-12-2021 16:07:36.624010,58.17912
1733,01-12-2021 16:07:37.686560,56.46798
1734,01-12-2021 16:07:38.670980,60.94956
1735,01-12-2021 16:07:39.608520,63.99704
1736,01-12-2021 16:07:40.577320,61.93262
1737,01-12-2021 16:07:41.421110,71.10782
1738,01-12-2021 16:07:42.280520,69.81495
1739,01-12-2021 16:07:43.124310,71.10782
1740,01-12-2021 16:07:43.952470,72.44947
1741,01-12-2021 16:07:44.765010,73.84273
1742,01-12-2021 16:07:45.640050,68.56825
1743,01-12-2021 16:07:46.561970,65.08173
1744,01-12-2021 16:07:47.358880,75.29063
1745,01-12-2021 16:07:48.233920,68.56825
1746,01-12-2021 16:07:49.140210,66.20383
1747,01-12-2021 16:07:50.109010,61.93262
1748,01-12-2021 16:07:50.984050,68.56825
1749,01-12-2021 16:07:51.859090,68.56825
1750,01-12-2021 16:07:52.749760,67.3653
1751,01-12-2021 16:07:59.468820,68.56825
1752,01-12-2021 16:08:00.343860,68.56825
1753,01-12-2021 16:08:01.312650,61.93262
1754,01-12-2021 16:08:02.218940,66.20383
1755,01-12-2021 16:08:03.047110,72.44947
1756,01-12-2021 16:08:03.937770,67.3653
1757,01-12-2021 16:08:04.922190,60.94956
1758,01-12-2021 16:08:05.875360,62.94789
1759,01-12-2021 16:08:06.844160,61.93262
1760,01-12-2021 16:08:07.812950,61.93262
1761,01-12-2021 16:08:08.750500,63.99704
1762,01-12-2021 16:08:09.719290,61.93262
1763,01-12-2021 16:08:10.719340,59.99721
1764,01-12-2021 16:08:11.688130,61.93262
1765,01-12-2021 16:08:12.641300,62.94791
1766,01-12-2021 16:08:13.625720,60.94956
1767,01-12-2021 16:08:14.657020,58.17913
1768,01-12-2021 16:08:15.610190,62.94789
1769,01-12-2021 16:08:16.641490,58.17913
1770,01-12-2021 16:08:17.704040,56.46798
1771,01-12-2021 16:08:18.641580,63.99704
1772,01-12-2021 16:08:19.672880,58.17912
1773,01-12-2021 16:08:20.688550,59.07419
1774,01-12-2021 16:08:21.626090,63.99704
1775,01-12-2021 16:08:22.548010,65.08173
1776,01-12-2021 16:08:23.516810,61.93262
1777,01-12-2021 16:08:24.438720,65.08172
1778,01-12-2021 16:08:25.376270,63.99704
1779,01-12-2021 16:08:26.235680,69.81495
1780,01-12-2021 16:08:27.157600,65.08173
1781,01-12-2021 16:08:28.079520,65.08173
1782,01-12-2021 16:08:28.860800,76.79646
1783,01-12-2021 16:08:29.813970,62.94789
1784,01-12-2021 16:08:30.798390,60.94956
1785,01-12-2021 16:08:31.579680,76.79644
1786,01-12-2021 16:08:32.439090,69.81495
1787,01-12-2021 16:08:33.345390,66.20383
1788,01-12-2021 16:08:34.189180,71.10782
1789,01-12-2021 16:08:35.017340,72.44949
1790,01-12-2021 16:08:35.908000,67.3653
1791,01-12-2021 16:08:36.845550,63.99702
1792,01-12-2021 16:08:37.704960,69.81496
1793,01-12-2021 16:08:38.580000,68.56825
1794,01-12-2021 16:08:39.392540,73.84273
1795,01-12-2021 16:08:40.111320,83.47439
1796,01-12-2021 16:08:40.861360,79.99628
1797,01-12-2021 16:08:41.611390,79.99632
1798,01-12-2021 16:08:42.314550,85.32937
1799,01-12-2021 16:08:43.080210,78.36371
1800,01-12-2021 16:08:43.877120,75.29065
1801,01-12-2021 16:08:44.674040,75.29063
1802,01-12-2021 16:08:45.455320,76.79644
1803,01-12-2021 16:08:46.330360,68.56825
1804,01-12-2021 16:08:47.142900,73.84273
1805,01-12-2021 16:08:48.033570,67.3653
1806,01-12-2021 16:08:48.861730,72.44947
1807,01-12-2021 16:08:49.689890,72.44947
1808,01-12-2021 16:08:50.596180,66.20383
1809,01-12-2021 16:08:51.596230,59.99723
1810,01-12-2021 16:08:52.533770,63.99704
1811,01-12-2021 16:08:53.533820,59.99723
1812,01-12-2021 16:08:54.486990,62.94791
1813,01-12-2021 16:08:55.362030,68.56825
1814,01-12-2021 16:08:56.190190,72.44947
1815,01-12-2021 16:08:56.924600,81.69833
1816,01-12-2021 16:08:57.768390,71.10782
1817,01-12-2021 16:08:58.612180,71.10782
1818,01-12-2021 16:08:59.502850,67.3653
1819,01-12-2021 16:09:00.377890,68.56825
1820,01-12-2021 16:09:01.284180,66.20383
1821,01-12-2021 16:09:02.112340,72.44947
1822,01-12-2021 16:09:03.003010,67.3653
1823,01-12-2021 16:09:03.909300,66.20383
1824,01-12-2021 16:09:04.799970,67.3653
1825,01-12-2021 16:09:05.659380,69.81495
1826,01-12-2021 16:09:06.581300,65.08173
1827,01-12-2021 16:09:07.518840,63.99704
1828,01-12-2021 16:09:08.315760,75.29063
1829,01-12-2021 16:09:09.112670,75.29065
1830,01-12-2021 16:09:17.238040,93.65418
1831,01-12-2021 16:09:17.863070,95.99557
1832,01-12-2021 16:09:18.534980,89.29817
1833,01-12-2021 16:09:19.191260,91.42435
1834,01-12-2021 16:09:19.925670,81.69833
1835,01-12-2021 16:09:20.722580,75.29063
1836,01-12-2021 16:09:21.441360,83.47441
1837,01-12-2021 16:09:22.160150,83.47439
1838,01-12-2021 16:09:22.910180,79.99628
1839,01-12-2021 16:09:23.628960,83.47441
1840,01-12-2021 16:09:24.410250,76.79644
1841,01-12-2021 16:09:25.113410,85.32937
1842,01-12-2021 16:09:25.879070,78.36374
1843,01-12-2021 16:09:26.691610,73.84273
1844,01-12-2021 16:09:27.582270,67.3653
1845,01-12-2021 16:09:28.551070,61.93262
1846,01-12-2021 16:09:29.488610,63.99704
1847,01-12-2021 16:09:30.332400,71.10782
1848,01-12-2021 16:09:31.176190,71.10782
1849,01-12-2021 16:09:32.004350,72.44947
1850,01-12-2021 16:09:32.770010,78.36371
1851,01-12-2021 16:09:33.582550,73.84273
1852,01-12-2021 16:09:34.488840,66.20383
1853,01-12-2021 16:09:35.520140,58.17913
1854,01-12-2021 16:09:36.504560,60.94956
1855,01-12-2021 16:09:37.473360,61.93262
1856,01-12-2021 16:09:38.395270,65.08172
1857,01-12-2021 16:09:39.301570,66.20383
1858,01-12-2021 16:09:40.176610,68.56825
1859,01-12-2021 16:09:41.004770,72.44949
1860,01-12-2021 16:09:41.848560,71.10782
1861,01-12-2021 16:09:42.676720,72.44947
1862,01-12-2021 16:09:43.504890,72.44947
1863,01-12-2021 16:09:44.395550,67.3653
1864,01-12-2021 16:09:45.364350,61.93262
1865,01-12-2021 16:09:46.270640,66.20383
1866,01-12-2021 16:09:47.098800,72.44947
1867,01-12-2021 16:09:48.145730,57.31077
1868,01-12-2021 16:09:49.036390,67.3653
1869,01-12-2021 16:09:49.895810,69.81495
1870,01-12-2021 16:09:50.755220,69.81496
1871,01-12-2021 16:09:51.567760,73.84273
1872,01-12-2021 16:09:52.364670,75.29063
1873,01-12-2021 16:09:53.270960,66.20383
1874,01-12-2021 16:09:54.130380,69.81495
1875,01-12-2021 16:09:55.005420,68.56825
1876,01-12-2021 16:09:56.083590,55.64959
1877,01-12-2021 16:10:00.333790,72.44947
1878,01-12-2021 16:10:01.146330,73.84273
1879,01-12-2021 16:10:01.943240,75.29063
1880,01-12-2021 16:10:02.958910,59.07419
1881,01-12-2021 16:10:03.865200,66.20383
1882,01-12-2021 16:10:04.787120,65.08173
1883,01-12-2021 16:10:05.740290,62.94791
1884,01-12-2021 16:10:06.693460,62.94791
1885,01-12-2021 16:10:07.584130,67.36528
1886,01-12-2021 16:10:08.459170,68.56827
1887,01-12-2021 16:10:09.365460,66.20381
1888,01-12-2021 16:10:10.178000,73.84275
1889,01-12-2021 16:10:11.037410,69.81495
1890,01-12-2021 16:10:11.865570,72.44947
1891,01-12-2021 16:10:12.740610,68.56825
1892,01-12-2021 16:10:13.584400,71.10782
1893,01-12-2021 16:10:14.459440,68.56825
1894,01-12-2021 16:10:15.271980,73.84273
1895,01-12-2021 16:10:16.115770,71.10782
1896,01-12-2021 16:10:16.990810,68.56825
1897,01-12-2021 16:10:17.772100,76.79644
1898,01-12-2021 16:10:18.615890,71.10783
1899,01-12-2021 16:10:19.506550,67.3653
1900,01-12-2021 16:10:25.600580,62.94791
1901,01-12-2021 16:10:26.522500,65.08173
1902,01-12-2021 16:10:27.381920,69.81495
1903,01-12-2021 16:10:28.210080,72.44947
1904,01-12-2021 16:10:29.006990,75.29063
1905,01-12-2021 16:10:29.835160,72.44947
1906,01-12-2021 16:10:30.616440,76.79644
1907,01-12-2021 16:10:31.366480,79.99632
1908,01-12-2021 16:10:32.179010,73.84273
1909,01-12-2021 16:10:33.022800,71.10782
1910,01-12-2021 16:10:33.835340,73.84273
1911,01-12-2021 16:10:34.632250,75.29063
1912,01-12-2021 16:10:35.585420,62.94791
1913,01-12-2021 16:10:36.522970,63.99704
1914,01-12-2021 16:11:25.478360,81.69836
1915,01-12-2021 16:11:26.275270,75.29063
1916,01-12-2021 16:11:31.791150,83.47439
1917,01-12-2021 16:11:32.463060,89.2982
1918,01-12-2021 16:11:33.275590,73.84273
1919,01-12-2021 16:11:34.135010,69.81495
1920,01-12-2021 16:11:34.838170,85.32937
1921,01-12-2021 16:11:43.291680,91.42432
1922,01-12-2021 16:11:44.104220,73.84273
1923,01-12-2021 16:12:30.325110,85.32937
1924,01-12-2021 16:12:39.356780,71.10782
1925,01-12-2021 16:12:40.278700,65.08173
1926,01-12-2021 16:12:41.106860,72.44947
1927,01-12-2021 16:13:00.185870,72.44949
1928,01-12-2021 16:13:01.029660,71.10782
1929,01-12-2021 16:13:10.123830,71.10782
1930,01-12-2021 16:13:33.234270,55.6496
1931,01-12-2021 16:13:59.360480,60.94956
1932,01-12-2021 16:14:00.235520,68.56825
1933,01-12-2021 16:14:13.533020,68.56825
1934,01-12-2021 16:14:28.533710,78.36371
1935,01-12-2021 16:14:29.408750,68.56825
1936,01-12-2021 16:14:30.393170,60.94956
1937,01-12-2021 16:14:31.299460,66.20383
1938,01-12-2021 16:14:32.299510,59.99723
1939,01-12-2021 16:15:34.302380,60.94955
1940,01-12-2021 16:15:44.802870,59.99723
1941,01-12-2021 16:15:45.787290,60.94956
1942,01-12-2021 16:15:46.834210,57.31077
1943,01-12-2021 16:15:47.740500,66.20383
1944,01-12-2021 16:15:48.818680,55.6496
1945,01-12-2021 16:15:59.850440,68.56825
1946,01-12-2021 16:16:00.694230,71.10782
1947,01-12-2021 16:16:01.553640,69.81495
1948,01-12-2021 16:16:02.506810,62.94791
1949,01-12-2021 16:16:03.397480,67.3653
1950,01-12-2021 16:16:04.303770,66.20383
1951,01-12-2021 16:16:05.100680,75.29063
1952,01-12-2021 16:16:06.022600,65.08173
1953,01-12-2021 16:16:06.913270,67.3653
1954,01-12-2021 16:16:08.038320,53.33086
1955,01-12-2021 16:16:45.852570,66.20383
1956,01-12-2021 16:16:46.790110,63.99704
1957,01-12-2021 16:16:47.649530,69.81495
1958,01-12-2021 16:16:48.524570,68.56825
1959,01-12-2021 16:16:49.462110,63.99704
1960,01-12-2021 16:16:50.446530,60.94955
1961,01-12-2021 16:16:51.352820,66.20383
1962,01-12-2021 16:16:52.321620,61.93262
1963,01-12-2021 16:16:53.368540,57.31078
1964,01-12-2021 16:16:54.196710,72.44947
1965,01-12-2021 16:16:55.071750,68.56825
1966,01-12-2021 16:16:55.946790,68.56825
1967,01-12-2021 16:16:56.884330,63.99704
1968,01-12-2021 16:16:57.806250,65.08173
1969,01-12-2021 16:16:58.775040,61.93262
1970,01-12-2021 16:17:03.400260,61.93262
1971,01-12-2021 16:17:04.290920,67.3653
1972,01-12-2021 16:17:05.087840,75.29063
1973,01-12-2021 16:17:05.994130,66.20383
1974,01-12-2021 16:17:06.916050,65.08173
1975,01-12-2021 16:17:07.822340,66.20383
1976,01-12-2021 16:17:08.744260,65.08173
1977,01-12-2021 16:17:09.697420,62.94791
1978,01-12-2021 16:17:10.509960,73.84273
1979,01-12-2021 16:17:11.369380,69.81495
1980,01-12-2021 16:17:12.088160,83.47441
1981,01-12-2021 16:17:12.931950,71.10782
1982,01-12-2021 16:17:13.713240,76.79644
1983,01-12-2021 16:17:20.635430,83.47439
1984,01-12-2021 16:17:21.447970,73.84273
1985,01-12-2021 16:17:22.369890,65.08173
1986,01-12-2021 16:17:23.307430,63.99704
1987,01-12-2021 16:17:24.244970,63.99704
1988,01-12-2021 16:17:25.182520,63.99704
1989,01-12-2021 16:17:26.182560,59.99723
1990,01-12-2021 16:17:27.120110,63.99704
1991,01-12-2021 16:17:28.073280,62.94789
1992,01-12-2021 16:17:29.026440,62.94791
1993,01-12-2021 16:17:30.057740,58.17913
1994,01-12-2021 16:17:30.948410,67.3653
1995,01-12-2021 16:17:31.792200,71.10782
1996,01-12-2021 16:17:44.152150,61.93262
1997,01-12-2021 16:17:45.120940,61.93262
1998,01-12-2021 16:17:46.120990,59.99723
1999,01-12-2021 16:18:49.248910,52.6003
2000,01-12-2021 16:18:57.874310,71.10782
2001,01-12-2021 16:18:58.811850,63.99704
2002,01-12-2021 16:18:59.796270,60.94955
2003,01-12-2021 16:19:00.718190,65.08173
2004,01-12-2021 16:19:01.608860,67.3653
2005,01-12-2021 16:19:02.640160,58.17913
2006,01-12-2021 16:19:03.624580,60.94956
2007,01-12-2021 16:19:04.577740,62.94789
2008,01-12-2021 16:19:05.546540,61.93262
2009,01-12-2021 16:19:06.734090,50.52398
2010,01-12-2021 16:19:11.328060,62.94791
2011,01-12-2021 16:19:12.296850,61.93262
2012,01-12-2021 16:19:13.265650,61.93262
2013,01-12-2021 16:19:14.187560,65.08173
2014,01-12-2021 16:19:15.062610,68.56825
2015,01-12-2021 16:19:15.890770,72.44947
2016,01-12-2021 16:19:16.734560,71.10782
2017,01-12-2021 16:19:17.625220,67.3653
2018,01-12-2021 16:19:18.515890,67.3653
2019,01-12-2021 16:19:19.453430,63.99704
2020,01-12-2021 16:19:20.484730,58.17913
2021,01-12-2021 16:19:44.126450,62.94791
2022,01-12-2021 16:19:58.548990,66.20383
2023,01-12-2021 16:19:59.424030,68.56825
2024,01-12-2021 16:20:00.330330,66.20383
2025,01-12-2021 16:20:01.299120,61.9326
2026,01-12-2021 16:20:02.205410,66.20383
2027,01-12-2021 16:20:03.142960,63.99704
2028,01-12-2021 16:20:04.080500,63.99704
2029,01-12-2021 16:20:05.002420,65.08173
2030,01-12-2021 16:20:05.924340,65.08173
2031,01-12-2021 16:20:06.815000,67.3653
2032,01-12-2021 16:20:15.487280,62.94791
2033,01-12-2021 16:20:16.409200,65.08173
2034,01-12-2021 16:20:17.565500,51.8895
2035,01-12-2021 16:20:18.378040,73.84273
2036,01-12-2021 16:20:19.253080,68.56825
2037,01-12-2021 16:20:20.081240,72.44947
2038,01-12-2021 16:20:34.956930,65.08173
2039,01-12-2021 16:20:35.831970,68.56825
2040,01-12-2021 16:20:36.722640,67.3653
2041,01-12-2021 16:20:37.472670,79.99632
2042,01-12-2021 16:20:42.879170,69.81495
2043,01-12-2021 16:20:43.629210,79.99632
2044,01-12-2021 16:20:44.441740,73.84273
2045,01-12-2021 16:20:45.285530,71.10782
2046,01-12-2021 16:20:46.129320,71.10782
2047,01-12-2021 16:20:54.567210,93.65421
2048,01-12-2021 16:21:00.333110,63.99704
2049,01-12-2021 16:21:01.301900,61.93262
2050,01-12-2021 16:21:02.270700,61.93262
2051,01-12-2021 16:21:03.255120,60.94955
2052,01-12-2021 16:21:04.208290,62.94791
2053,01-12-2021 16:21:05.145830,63.99704
2054,01-12-2021 16:21:10.958600,61.93262
2055,01-12-2021 16:21:18.396440,68.56825
2056,01-12-2021 16:21:29.459450,78.36371
2057,01-12-2021 16:21:30.412620,62.94791
2058,01-12-2021 16:21:39.444290,68.56825
2059,01-12-2021 16:21:40.100570,91.42432
2060,01-12-2021 16:21:52.273010,71.10782
2061,01-12-2021 16:21:53.194930,65.08173
2062,01-12-2021 16:21:54.179350,60.94955
2063,01-12-2021 16:21:55.116890,63.99704
2064,01-12-2021 16:21:56.038810,65.08173
2065,01-12-2021 16:21:56.945100,66.20383
2066,01-12-2021 16:21:57.945150,59.99723
2067,01-12-2021 16:21:58.835820,67.3653
2068,01-12-2021 16:21:59.742110,66.20383
2069,01-12-2021 16:22:00.648400,66.20383
2070,01-12-2021 16:22:01.585940,63.99704
2071,01-12-2021 16:22:02.726620,52.6003
2072,01-12-2021 16:22:07.117450,66.20383
2073,01-12-2021 16:22:08.039370,65.08173
2074,01-12-2021 16:22:08.914410,68.56825
2075,01-12-2021 16:22:09.867580,62.94791
2076,01-12-2021 16:22:10.805120,63.99704
2077,01-12-2021 16:22:11.758290,62.94791
2078,01-12-2021 16:22:12.727080,61.9326
2079,01-12-2021 16:22:13.711500,60.94956
2080,01-12-2021 16:22:14.711550,59.99723
2081,01-12-2021 16:22:15.633470,65.08173
2082,01-12-2021 16:22:16.602260,61.93262
2083,01-12-2021 16:22:17.602310,59.99721
2084,01-12-2021 16:22:18.539850,63.99704
2085,01-12-2021 16:22:19.446140,66.20383
2086,01-12-2021 16:22:20.461820,59.07419
2087,01-12-2021 16:22:24.977650,58.17913
2088,01-12-2021 16:22:25.805810,72.44947
2089,01-12-2021 16:22:26.821490,59.07419
2090,01-12-2021 16:22:27.587150,78.36371
2091,01-12-2021 16:22:37.603240,65.08173
2092,01-12-2021 16:22:38.525150,65.08173
2093,01-12-2021 16:22:39.415820,67.3653
2094,01-12-2021 16:22:40.337740,65.08173
2095,01-12-2021 16:22:41.275280,63.99704
2096,01-12-2021 16:22:42.181570,66.20383
2097,01-12-2021 16:22:43.103490,65.08173
2098,01-12-2021 16:22:44.056660,62.94791
2099,01-12-2021 16:22:44.978580,65.08173
2100,01-12-2021 16:22:45.884870,66.20383
2101,01-12-2021 16:22:46.838040,62.94789
2102,01-12-2021 16:22:47.869340,58.17913
2103,01-12-2021 16:22:48.853760,60.94956
2104,01-12-2021 16:22:49.838180,60.94956
2105,01-12-2021 16:22:50.806970,61.9326
2106,01-12-2021 16:22:51.744520,63.99704
2107,01-12-2021 16:22:52.666430,65.08173
2108,01-12-2021 16:22:53.635230,61.93262
2109,01-12-2021 16:22:54.588400,62.94791
2110,01-12-2021 16:22:55.541570,62.94791
2111,01-12-2021 16:22:56.463480,65.08173
2112,01-12-2021 16:22:57.479160,59.07418
2113,01-12-2021 16:22:58.354200,68.56825
2114,01-12-2021 16:22:59.401120,57.31078
2115,01-12-2021 16:23:00.260540,69.81495
2116,01-12-2021 16:23:01.229330,61.93262
2117,01-12-2021 16:23:02.151250,65.08173
2118,01-12-2021 16:23:03.104420,62.94791
2119,01-12-2021 16:23:04.041960,63.99704
2120,01-12-2021 16:23:04.979500,63.99702
2121,01-12-2021 16:23:06.042050,56.46798
2122,01-12-2021 16:23:07.042100,59.99723
2123,01-12-2021 16:23:08.010890,61.93262
2124,01-12-2021 16:23:13.839290,62.94789
2125,01-12-2021 16:23:14.854960,59.07419
2126,01-12-2021 16:23:15.870630,59.07419
2127,01-12-2021 16:23:16.901930,58.17913
2128,01-12-2021 16:23:17.933230,58.17912
2129,01-12-2021 16:23:18.948900,59.07419
2130,01-12-2021 16:23:19.995820,57.31078
2131,01-12-2021 16:23:32.496400,58.17912
2132,01-12-2021 16:23:33.308940,73.84273
2133,01-12-2021 16:23:34.402740,54.85461
2134,01-12-2021 16:23:35.168400,78.36371
2135,01-12-2021 16:23:36.059070,67.3653
2136,01-12-2021 16:23:36.871610,73.84273
2137,01-12-2021 16:23:37.715390,71.10782
2138,01-12-2021 16:23:38.809200,54.85461
2139,01-12-2021 16:23:39.918620,54.08201
2140,01-12-2021 16:23:48.169000,58.17913
2141,01-12-2021 16:23:49.059670,67.3653
2142,01-12-2021 16:23:50.090970,58.17913
2143,01-12-2021 16:23:50.950380,69.81495
2144,01-12-2021 16:23:51.966050,59.07418
2145,01-12-2021 16:23:52.966100,59.99723
2146,01-12-2021 16:23:54.013020,57.31078
2147,01-12-2021 16:23:59.185140,47.40521
2148,01-12-2021 16:24:07.419900,60.94955
2149,01-12-2021 16:24:08.373060,62.94791
2150,01-12-2021 16:24:09.294980,65.08173
2151,01-12-2021 16:24:10.310650,59.07419
2152,01-12-2021 16:24:11.263820,62.94791
2153,01-12-2021 16:24:12.201370,63.99704
2154,01-12-2021 16:24:13.154540,62.94789
2155,01-12-2021 16:24:14.092080,63.99704
